country_code,country,year,fdi,fixed_broadband,government_education,hightech_exports,internet_users,manufacturing_value_added,patent_nonresident,patent_resident,rd_expenditure,researchers_rd,tertiary_enrolment
BRA,Brazil,2000,5.03391680528314,0.0574652265559086,3.94893002510071,,2.87068515854108,13.1346595913847,14104.0,3179.0,1.04752,298.53981,
BRA,Brazil,2001,4.14759377398385,0.187746875442478,3.84467005729675,,4.52849486902851,13.0895379357967,14410.0,3439.0,1.06197,341.27926,
BRA,Brazil,2002,3.25358061271527,0.409515816509217,3.75037002563477,,9.14942508560748,12.3569626659174,13204.0,3481.0,1.00967,403.16475,
BRA,Brazil,2003,1.81340052439304,0.534956051589709,,,13.2075861035303,14.4507645634139,12545.0,3866.0,0.99939,428.48507,
BRA,Brazil,2004,2.71353166307823,1.7284595748202,3.97448992729187,,19.073672274442,15.0995301566951,12669.0,4044.0,0.96343,489.27106,
BRA,Brazil,2005,1.73389354602718,1.75095200096296,4.47909021377563,,21.022747248827,14.7382811396728,14444.0,4054.0,1.00247,515.766,
BRA,Brazil,2006,1.753125703626,2.55393928456781,4.87060022354126,,28.17840004,14.1089458704485,15886.0,3956.0,0.98807,550.49741,
BRA,Brazil,2007,3.19082601308524,4.03572440795213,4.97426986694336,12.6278356939529,30.87999916,14.1542648057288,17469.0,4194.0,1.08138,562.55469,
BRA,Brazil,2008,2.99060946922903,5.26188788450655,5.26884984970093,12.761526959305,33.83,13.9551769000753,18890.0,4280.0,1.12904,598.65285,
BRA,Brazil,2009,1.88848224095724,6.10682944207956,5.46355009078979,14.7587820517537,39.22,13.0594621488915,18135.0,4271.0,1.11866,634.14103,
BRA,Brazil,2010,3.73001288350945,7.27968486054674,5.64879989624023,12.590146869358,40.65,12.7218596106703,20771.0,4228.0,1.15992,696.09998,
BRA,Brazil,2011,3.91518011405433,9.13182030910824,5.73741006851196,11.1409081379377,45.69,11.7837976692113,23954.0,4695.0,1.13966,749.17174,
BRA,Brazil,2012,3.75496285641218,9.71151141846763,5.85510015487671,11.8872212915256,48.56,10.6759423074609,25637.0,4798.0,1.12684,801.40894,43.8344116210938
BRA,Brazil,2013,3.04150901624338,10.7622017659472,5.8388500213623,11.9698618012495,51.04,10.4796122911618,25925.0,4959.0,1.19567,852.71699,44.9966697692871
BRA,Brazil,2014,3.57135266957477,11.9790772854396,5.94848012924194,12.3711688680768,54.5510018796392,10.3370973963623,25683.0,4659.0,1.26971,903.20079,47.8131904602051
BRA,Brazil,2015,3.59214931791344,12.6353840484725,6.24105978012085,14.4858996246715,58.3279517340924,10.5209374571105,25578.0,4641.0,1.28464,,49.0805015563965
BRA,Brazil,2016,4.13737803865892,13.217709027651,6.31403017044067,16.0001642772964,60.8725400681261,10.7864511144495,22810.0,5200.0,1.19584,,48.9665794372559
BRA,Brazil,2017,3.33825981739039,14.1218273097456,6.32047986984253,14.3118892236086,67.4712845236305,10.7214980093214,20178.0,5480.0,1.1175,,50.7326316833496
BRA,Brazil,2018,4.07858821454947,15.1537620986579,6.08851003646851,14.7442418256611,70.4342825404361,10.5284573770078,19877.0,4980.0,1.15016,,52.05712890625
BRA,Brazil,2019,3.692673213156,15.8621991239093,5.96346998214722,14.0668052120423,73.9124399133589,10.3325005328998,19932.0,5464.0,1.15115,,53.6215400695801
BRA,Brazil,2020,2.59263795310275,17.418059685583,5.7714900970459,11.3500942678804,81.34269353,10.692931568332,19058.0,5280.0,1.21907,,55.529109954834
BRA,Brazil,2021,2.77979084938159,19.8363162401481,5.4969801902771,9.00155420026002,80.68989314,11.9043730112478,19566.0,4666.0,1.13371,,57.6311988830566
BRA,Brazil,2022,3.8680317970139,20.9534469027015,5.61920976638794,9.11134627987528,80.52775094,13.0740816282273,,,1.18873,,61.0000915527344
BRA,Brazil,2023,2.86383344298207,22.4192301618889,,9.849149349554,84.15060238,13.2531636224002,,,1.1938,,
BRA,Brazil,2024,3.38960808548439,24.079199344422,,11.1103644206652,84.46347227,12.1108065153855,,,,,69.7317733764648
BRA,Brazil,2025,3.40696865505948,,,,,11.7722632755736,,,,,
CHN,China,2000,3.43984725315719,0.00178484057941392,,,1.77591320677415,,26560.0,25346.0,0.88409,549.57477,7.57777976989746
CHN,China,2001,3.47245235578959,0.0262980690478576,,,2.63965021485872,,33412.0,30038.0,0.92948,582.78825,9.28069019317627
CHN,China,2002,3.56241418263928,0.256319449692495,,,4.59570433077551,,40426.0,39806.0,1.04418,631.73478,11.8050804138184
CHN,China,2003,3.43849537731211,0.866655839568114,,,6.2,,48548.0,56769.0,1.10465,667.9285,14.513970375061
CHN,China,2004,3.43299015092913,1.91533860283619,,,7.3,31.5101594673259,64598.0,65786.0,1.19732,713.42588,16.9004402160644
CHN,China,2005,4.49218509012467,2.85108597933654,,,8.52325700269541,31.6564574964127,79842.0,93485.0,1.29008,856.65892,18.6565208435059
CHN,China,2006,4.44499743873593,3.85818779891054,,,10.5231526193851,31.9945213596647,88183.0,122318.0,1.34923,931.20148,20.5667705535889
CHN,China,2007,4.33537500236917,5.00930152637401,,30.2374939097036,16.0,31.9005932714931,92101.0,153060.0,1.35321,1076.73747,21.4715595245361
CHN,China,2008,3.67520717506325,6.21365228211399,,29.4319344493349,22.6,31.6169791482305,95259.0,194579.0,1.4233,1197.58885,21.8667392730713
CHN,China,2009,2.52538984334254,7.74497137074886,,31.9775769727453,28.9,31.0611528606438,85508.0,229096.0,1.6366,861.24883,23.2886295318604
CHN,China,2010,3.93541996731512,9.34748427588032,,32.1501169663397,34.3,31.0748956423241,98111.0,293066.0,1.68456,898.85545,25.2883066277701
CHN,China,2011,3.65069190228423,11.504276685286,,30.5004796644425,38.3,31.5623565182378,110583.0,415829.0,1.75244,972.01743,26.7875039907406
CHN,China,2012,2.78099138181613,12.791553937217,,30.8618085179503,42.30009842,31.0143036500115,117464.0,535313.0,1.88095,1028.98334,29.3081906903292
CHN,China,2013,2.98598708261986,13.6989049026864,,31.5855813292794,45.79999924,30.1275021518721,120200.0,704936.0,1.96246,1079.63795,32.7191603158803
CHN,China,2014,2.51155883670463,14.4445199866037,,29.7037271802947,47.90000153,29.8300397890826,127042.0,801135.0,1.98475,1101.80087,43.7110051016854
CHN,China,2015,2.14957284731563,19.8437947555032,,30.4312672747562,50.29999924,28.3889960582852,133612.0,968252.0,2.01703,1162.7108,47.1192619330726
CHN,China,2016,1.52539470315394,22.9761329915729,,30.2545232296357,53.2,27.5237594259275,133522.0,1204981.0,2.0595,1208.86205,49.309077375597
CHN,China,2017,1.32468971748482,27.9101271418763,,30.9118639785891,54.3,27.5998559245177,135885.0,1245709.0,2.07771,1235.84935,51.0678812273407
CHN,China,2018,1.66361992284408,28.7089097131815,,31.5481478595353,65.35839844,27.34341880328,148187.0,1393815.0,2.10232,1317.48914,53.3987984572814
CHN,China,2019,1.28549226847992,31.5611222411202,,30.8186302968419,64.080881297515,26.2594662949297,157093.0,1243568.0,2.20144,1483.85803,56.6050917923292
CHN,China,2020,1.68770756292082,33.9069794578039,,31.2766154241293,70.05275998,25.5809804288007,152342.0,1344817.0,2.35712,1600.30633,61.6124675996947
CHN,China,2021,1.8903454142588,37.5611751315805,,30.2190732796596,73.05323517,26.621932558827,159019.0,1426644.0,2.38165,1685.97511,66.8186077597542
CHN,China,2022,1.03841365474349,41.3736197056022,,27.7650612563156,75.61131603,25.9806695043084,,,2.4945,1849.23669,71.5799465086024
CHN,China,2023,0.280991103634816,44.728886496649,3.89714002609253,26.5682136542881,90.6,25.0144267929987,,,2.57729,2107.27003,74.5933014618366
CHN,China,2024,0.227695125306895,47.1933952081567,,26.2777380479223,92.0,24.8415841892631,,,,,76.8757843123403
CHN,China,2025,0.410194399848574,,,,91.6,24.7344421687689,,,,,
IND,India,2000,0.765211694280817,,4.32480001449585,,0.527532449930946,15.9270230184323,6332.0,2206.0,0.75699,110.62568,9.93826007843018
IND,India,2001,1.05638020993358,0.00463865535771768,,,0.660146377009928,15.3070212831531,8213.0,2379.0,0.73591,,10.0273504257202
IND,India,2002,1.01156946489919,0.00750810600120237,,,1.53787558175083,15.5587017262956,8772.0,2693.0,0.72567,,10.5586500167847
IND,India,2003,0.605887857091792,0.0125681968302295,3.61342000961304,,1.68648997063625,15.587386648646,9188.0,3425.0,0.71929,,11.0576400756836
IND,India,2004,0.765596855110284,0.0206867742681806,3.35254001617432,,1.97613649190559,15.8272457405027,13452.0,4014.0,0.7569,,11.3926801681519
IND,India,2005,0.886098378458823,0.116742672757431,3.18876004219055,,2.388099909,15.9730170446131,19661.0,4721.0,0.82411,135.14649,11.1277303695679
IND,India,2006,2.13016842534495,0.196098678184923,3.14284992218018,,2.80549986534254,17.3036533311925,23242.0,5686.0,0.80473,,11.9628095626831
IND,India,2007,2.07339404668754,0.262875874276131,,,3.95,16.8645677754068,28922.0,6296.0,0.80507,,13.6564798355103
IND,India,2008,3.6205232354017,0.437111073178848,,,4.38,17.0986741489578,30387.0,6425.0,0.85876,,15.6485204696655
IND,India,2009,2.65159033235479,0.632032113675308,3.27824997901917,9.56909614274288,5.12,17.1435776672846,27025.0,7262.0,0.83314,,16.6775093078613
IND,India,2010,1.6350340943491,0.883808841093522,3.377690076828,7.73016032755592,7.5,17.0299342498624,30909.0,8853.0,0.78849,156.19059,18.6971831309683
IND,India,2011,2.0020634629993,1.05858887089543,3.79618000984192,7.87117262454535,10.07,16.1393374446289,33450.0,8841.0,0.75502,,23.8253684220097
IND,India,2012,1.31293453035323,1.17169600055105,3.8675000667572,7.70439427946636,11.10000038,15.8169230071066,34402.0,9553.0,0.74399,,24.9402082606779
IND,India,2013,1.5162764665975,1.15197793176359,3.84467005729675,8.87350364988968,12.30000019,15.253022692586,32362.0,10669.0,0.70642,,24.390638443123
IND,India,2014,1.69565958990806,1.20020374567342,3.89878023242693,9.22122174793918,13.5,15.0655701107589,30814.0,12040.0,0.70158,,25.991324706788
IND,India,2015,2.09211521443253,1.27578595315943,4.1145601272583,8.02476917234515,14.89999962,15.5838545863713,33079.0,12579.0,0.6931,214.34935,27.2845677075978
IND,India,2016,1.9373641224439,1.38795276378032,4.25406980514526,7.66325704378624,16.5,15.1622371332529,31858.0,13199.0,0.66984,,27.3043573857643
IND,India,2017,1.50731583255894,1.31327377028949,4.30543994903565,7.36208114076572,18.20000076,15.0182387501718,31621.0,14961.0,0.66603,,27.9090519049334
IND,India,2018,1.55821483801456,1.3217822859385,4.36374998092651,9.04145168835151,20.0813000379384,14.8815306673017,33766.0,16289.0,0.66001,250.00794,28.5316865291946
IND,India,2019,1.78482633957161,1.37913181839908,3.89732003211975,10.2237396907979,29.52350044,13.4558075633394,34173.0,19454.0,0.65942,,29.0233593907143
IND,India,2020,2.40620322673636,1.63622632751685,4.29335021972656,11.0325638466576,43.40544313,14.1204853576923,33630.0,23141.0,0.64558,259.26325,29.8196397708424
IND,India,2021,1.41217101040888,1.9487996093033,4.62949991226196,10.2125596625118,49.2580986,14.3770288531286,35306.0,26267.0,,,31.5741765984501
IND,India,2022,1.53665241748393,2.35231555917724,4.09865814174589,12.6822794807287,55.9,13.3327202623974,,,,,32.6703053423023
IND,India,2023,0.802254995836756,2.74534696441771,,14.9343472986716,60.25230026,13.312843875072,,,,,34.2394344991225
IND,India,2024,0.721648483526777,3.15046250037677,,18.5723946411049,64.9434967,13.1392199491326,,,,,34.4184659748952
IND,India,2025,0.988285383995246,,,,70.0,13.4710550684648,,,,,34.4465039692543
ISR,Israel,2000,5.89949838299584,,5.93116998672485,,20.8737899981674,16.5594666698272,5203.0,1599.0,3.81316,,
ISR,Israel,2001,1.3131522258027,0.700720864692582,6.17636013031006,,17.3786238639049,15.2660584204072,5521.0,1248.0,4.05338,,51.1147117614746
ISR,Israel,2002,1.26381649811692,3.62669309237099,6.24923992156982,,17.7645990630493,14.6195517258974,5095.0,1213.0,3.99197,,55.8358116149902
ISR,Israel,2003,2.53049066402201,9.73577617095352,6.13486003875732,,19.5933936579649,14.2145451148657,4569.0,1329.0,3.76142,,55.2073287963867
ISR,Israel,2004,2.10605044907695,14.8146199740079,5.75040006637573,,22.7704855254035,14.0232634217693,4870.0,1544.0,3.74703,,54.5026702880859
ISR,Israel,2005,3.27012530253451,18.2756889429366,5.56489992141724,,25.19400024,14.7673362817573,5157.0,1669.0,3.91123,,55.645191192627
ISR,Israel,2006,9.0705160460163,20.7626147861378,5.58409023284912,,27.8810997,15.0283379470689,6154.0,1342.0,4.01416,,54.7331390380859
ISR,Israel,2007,4.76993944503941,21.9534632539815,5.33169984817505,7.62716744231259,48.1280621948445,15.3681304031082,6394.0,1615.0,4.28533,,57.3098487854004
ISR,Israel,2008,4.64995928220569,23.7765120816873,5.40716981887817,17.0560538737395,59.39,14.8323485847392,6214.0,1528.0,4.24165,,56.7789001464844
ISR,Israel,2009,2.16172057771712,23.9103114918258,5.34174013137817,23.3965145235289,63.12,13.9998606147828,5387.0,1387.0,4.01799,,59.5300903320312
ISR,Israel,2010,2.91791645550029,24.0161325167121,5.40408992767334,19.3753611640664,67.5,14.043791039316,5856.0,1450.0,3.8421,,62.1285705566406
ISR,Israel,2011,3.23187455100204,25.1508929901568,5.42928981781006,18.3985722541565,68.8738779907441,13.5908818669391,5526.0,1360.0,3.91608,,62.7604484558105
ISR,Israel,2012,3.42638899025665,25.460778308521,5.56122016906738,19.8939600431067,70.8,13.7690007635811,5473.0,1319.0,4.06028,,64.2354736328125
ISR,Israel,2013,3.9732882944923,25.8472324040417,5.76972007751465,19.0362582405147,70.250311945,12.9828311268844,4984.0,1201.0,4.10651,,62.6519393920898
ISR,Israel,2014,1.92409260277085,26.9843193373229,5.69225978851318,19.4130528417277,75.0177531628076,12.5092649781181,5148.0,1125.0,4.19613,,62.6224403381348
ISR,Israel,2015,3.7432820780929,26.9840410445519,5.79657983779907,23.6539775366063,77.3520896572253,12.9237212257425,5623.0,1285.0,4.29761,,61.6271781921387
ISR,Israel,2016,3.73360294740648,27.5030283172787,5.80271005630493,21.8196172712291,79.6531241815281,12.0961436457446,5119.0,1300.0,4.59051,,61.4426498413086
ISR,Israel,2017,4.72701516315835,28.00833361537,6.00425004959106,21.0679788533896,81.5811835871611,11.5023862456544,5377.0,1436.0,4.74032,,60.3434600830078
ISR,Israel,2018,5.73001193313582,28.6131707306182,6.06919002532959,22.5362840096475,83.7331569615326,11.678065693861,5857.0,1506.0,4.91965,,58.6109886169434
ISR,Israel,2019,4.34923898223678,28.6567652412239,6.06899976730347,23.0916656017552,86.7878776180583,11.6354672967477,6370.0,1368.0,5.35528,,57.4564514160156
ISR,Israel,2020,5.10300458684,29.5678161933081,6.51824998855591,28.197643074759,90.12734091,12.3190734802149,6481.0,1642.0,5.83209,,57.633861541748
ISR,Israel,2021,3.86941902029446,29.7078785417387,6.16727018356323,29.5956758722761,90.29689758,11.9008173223304,8017.0,1592.0,5.75725,,60.2585487365723
ISR,Israel,2022,4.35745092445992,29.1676695245416,5.93291997909546,29.1090540410523,91.85079615,12.0735689690971,,,6.17831,,58.9500617980957
ISR,Israel,2023,3.14968991459396,29.4357235504327,,34.9377735824443,87.03842615,11.4833400691841,,,6.34589,,57.143440246582
ISR,Israel,2024,2.7251194069041,29.1837101461688,,37.2335173751738,88.18242225,11.2422190872096,,,,,56.2561111450195
ISR,Israel,2025,4.29339412127743,,,,,,,,,,
KOR,South Korea,2000,1.92630076608706,8.27512573540369,,,44.7,26.591050957139,29179.0,72831.0,2.0494,2324.08478,74.6898574829102
KOR,South Korea,2001,1.14917273381718,16.6187152698861,,,56.6,25.1376270244517,30898.0,73714.0,2.19872,2906.71111,77.3433532714844
KOR,South Korea,2002,0.842304427693724,21.9993226089619,,,59.4,24.7767716060025,29566.0,76570.0,2.13042,3007.81714,80.7160491943359
KOR,South Korea,2003,0.962229414316563,23.5266686815046,,,65.5,24.4315182881075,28338.0,90313.0,2.19657,3189.96825,84.4563903808594
KOR,South Korea,2004,1.61486572889407,24.994067246262,,,72.7,26.4144323811178,34865.0,105250.0,2.35292,3281.04385,89.8009033203125
KOR,South Korea,2005,1.403996477148,25.4760546993955,,,73.5,26.0918099370413,38733.0,122188.0,2.42725,3763.23464,95.3700103759766
KOR,South Korea,2006,0.836569086676283,29.2516487032032,,,78.1,25.7222784544775,40713.0,125476.0,2.61516,4173.2456,99.9493103027344
KOR,South Korea,2007,0.722975995794071,30.5325293113359,,32.4282584168837,78.8,25.9241510203287,43768.0,128701.0,2.75895,4614.74679,102.949272155762
KOR,South Korea,2008,1.02488987542862,32.0017644786606,,30.4501393108657,81.0,26.0793572324032,43518.0,127114.0,2.86774,4892.49313,103.136177062988
KOR,South Korea,2009,0.917731561520283,33.675976694352,,32.1484365401841,81.6,26.3042343079035,36207.0,127316.0,3.02145,5037.92837,102.658447265625
KOR,South Korea,2010,0.796207328344812,35.2563205089625,,32.1343974843399,83.7,28.0990056835275,38296.0,131805.0,3.17913,5429.43919,101.673286437988
KOR,South Korea,2011,0.747683727442323,36.353305205381,,28.2133210437189,83.7591201534472,29.0005575131874,40890.0,138034.0,3.44409,5908.82443,100.819679260254
KOR,South Korea,2012,0.711120351080011,36.8000321131758,,28.2220757644767,84.07,28.7408682052811,40779.0,148136.0,3.6852,6393.34374,98.286979675293
KOR,South Korea,2013,0.889863368558993,37.4217663483917,,29.8181999078998,84.77,28.8654766941182,44611.0,159978.0,3.77487,6457.88851,96.3375015258789
KOR,South Korea,2014,0.595893048504325,37.9883114555998,,30.0608682657817,87.5568264944747,28.2760755546832,46219.0,164073.0,3.88983,6867.33385,94.4421691894531
KOR,South Korea,2015,0.266636382581676,39.2759563055891,4.24247980117798,31.2119270912605,89.8962557995106,27.8215922094514,46419.0,167275.0,3.78907,7020.43916,93.9676513671875
KOR,South Korea,2016,0.766507046338007,40.0712454963259,4.11502981185913,30.5250266717443,92.8430256796075,27.5129940831191,45406.0,163424.0,3.78638,7057.16003,93.6577224731445
KOR,South Korea,2017,1.04741749331971,41.1680978249153,4.10775995254517,32.546316460744,95.0694218761004,28.0322405682167,45691.0,159084.0,4.07341,7453.21918,93.7230224609375
KOR,South Korea,2018,0.66781363782051,41.2189959375994,4.21645021438599,36.3912233579129,96.0228595797887,27.7672237489814,47431.0,162561.0,4.27155,7918.46916,93.3281784057617
KOR,South Korea,2019,0.550202642546341,42.0373507524342,4.41813993453979,32.4050621736765,96.157579184239,26.370175590513,47372.0,171603.0,4.36379,8328.96727,93.9989166259766
KOR,South Korea,2020,0.502554290313687,43.0540600860627,4.52706003189087,35.6022265413283,96.50506052,25.7002433607737,46282.0,180477.0,4.5214,8620.009,96.8767700195312
KOR,South Korea,2021,1.13577953855347,44.2526082339633,4.55590009689331,36.014503674486,97.57132698,26.2480856022754,51753.0,186245.0,4.59673,9071.4503,100.359878540039
KOR,South Korea,2022,1.39186469730544,45.4542124182774,5.40910005569458,36.118278931217,97.16855335,26.4977408590265,,,4.84753,9434.7613,102.813056945801
KOR,South Korea,2023,1.03221435142435,46.5676352036327,,30.2762799912651,97.41597478,25.4551420827792,,,4.94352,9471.82543,106.709167480469
KOR,South Korea,2024,0.685857996519477,47.8014965507867,,36.2582559366674,97.89563777,26.6179725157922,,,,,111.853302001953
KOR,South Korea,2025,0.844067044503223,,,,,27.4263326092558,,,,,
