country,year,hightech_exports_wits,source,indicator,note
Brazil,2000,,WITS / UN Comtrade,TX.VAL.TECH.MF.ZS,"Supplementary exact-indicator observations; reported trade data, not gap-filled"
Brazil,2001,,WITS / UN Comtrade,TX.VAL.TECH.MF.ZS,"Supplementary exact-indicator observations; reported trade data, not gap-filled"
Brazil,2002,,WITS / UN Comtrade,TX.VAL.TECH.MF.ZS,"Supplementary exact-indicator observations; reported trade data, not gap-filled"
Brazil,2003,,WITS / UN Comtrade,TX.VAL.TECH.MF.ZS,"Supplementary exact-indicator observations; reported trade data, not gap-filled"
Brazil,2004,,WITS / UN Comtrade,TX.VAL.TECH.MF.ZS,"Supplementary exact-indicator observations; reported trade data, not gap-filled"
Brazil,2005,,WITS / UN Comtrade,TX.VAL.TECH.MF.ZS,"Supplementary exact-indicator observations; reported trade data, not gap-filled"
Brazil,2006,,WITS / UN Comtrade,TX.VAL.TECH.MF.ZS,"Supplementary exact-indicator observations; reported trade data, not gap-filled"
Brazil,2007,12.6278356939529,WITS / UN Comtrade,TX.VAL.TECH.MF.ZS,"Supplementary exact-indicator observations; reported trade data, not gap-filled"
Brazil,2008,12.761526959305,WITS / UN Comtrade,TX.VAL.TECH.MF.ZS,"Supplementary exact-indicator observations; reported trade data, not gap-filled"
Brazil,2009,14.7587820517537,WITS / UN Comtrade,TX.VAL.TECH.MF.ZS,"Supplementary exact-indicator observations; reported trade data, not gap-filled"
Brazil,2010,12.590146869358,WITS / UN Comtrade,TX.VAL.TECH.MF.ZS,"Supplementary exact-indicator observations; reported trade data, not gap-filled"
Brazil,2011,11.1409081379377,WITS / UN Comtrade,TX.VAL.TECH.MF.ZS,"Supplementary exact-indicator observations; reported trade data, not gap-filled"
Brazil,2012,11.8872212915256,WITS / UN Comtrade,TX.VAL.TECH.MF.ZS,"Supplementary exact-indicator observations; reported trade data, not gap-filled"
Brazil,2013,11.9698618012495,WITS / UN Comtrade,TX.VAL.TECH.MF.ZS,"Supplementary exact-indicator observations; reported trade data, not gap-filled"
Brazil,2014,12.3711688680768,WITS / UN Comtrade,TX.VAL.TECH.MF.ZS,"Supplementary exact-indicator observations; reported trade data, not gap-filled"
Brazil,2015,14.4858996246715,WITS / UN Comtrade,TX.VAL.TECH.MF.ZS,"Supplementary exact-indicator observations; reported trade data, not gap-filled"
Brazil,2016,16.0001642772964,WITS / UN Comtrade,TX.VAL.TECH.MF.ZS,"Supplementary exact-indicator observations; reported trade data, not gap-filled"
Brazil,2017,14.3118892236086,WITS / UN Comtrade,TX.VAL.TECH.MF.ZS,"Supplementary exact-indicator observations; reported trade data, not gap-filled"
Brazil,2018,14.7442418256611,WITS / UN Comtrade,TX.VAL.TECH.MF.ZS,"Supplementary exact-indicator observations; reported trade data, not gap-filled"
Brazil,2019,14.0668052120423,WITS / UN Comtrade,TX.VAL.TECH.MF.ZS,"Supplementary exact-indicator observations; reported trade data, not gap-filled"
Brazil,2020,11.3500942678804,WITS / UN Comtrade,TX.VAL.TECH.MF.ZS,"Supplementary exact-indicator observations; reported trade data, not gap-filled"
Brazil,2021,9.00155420026002,WITS / UN Comtrade,TX.VAL.TECH.MF.ZS,"Supplementary exact-indicator observations; reported trade data, not gap-filled"
Brazil,2022,9.11134627987528,WITS / UN Comtrade,TX.VAL.TECH.MF.ZS,"Supplementary exact-indicator observations; reported trade data, not gap-filled"
Brazil,2023,9.849149349554,WITS / UN Comtrade,TX.VAL.TECH.MF.ZS,"Supplementary exact-indicator observations; reported trade data, not gap-filled"
Brazil,2024,,WITS / UN Comtrade,TX.VAL.TECH.MF.ZS,"Supplementary exact-indicator observations; reported trade data, not gap-filled"
Brazil,2025,,WITS / UN Comtrade,TX.VAL.TECH.MF.ZS,"Supplementary exact-indicator observations; reported trade data, not gap-filled"
China,2000,,WITS / UN Comtrade,TX.VAL.TECH.MF.ZS,"Supplementary exact-indicator observations; reported trade data, not gap-filled"
China,2001,,WITS / UN Comtrade,TX.VAL.TECH.MF.ZS,"Supplementary exact-indicator observations; reported trade data, not gap-filled"
China,2002,,WITS / UN Comtrade,TX.VAL.TECH.MF.ZS,"Supplementary exact-indicator observations; reported trade data, not gap-filled"
China,2003,,WITS / UN Comtrade,TX.VAL.TECH.MF.ZS,"Supplementary exact-indicator observations; reported trade data, not gap-filled"
China,2004,,WITS / UN Comtrade,TX.VAL.TECH.MF.ZS,"Supplementary exact-indicator observations; reported trade data, not gap-filled"
China,2005,,WITS / UN Comtrade,TX.VAL.TECH.MF.ZS,"Supplementary exact-indicator observations; reported trade data, not gap-filled"
China,2006,,WITS / UN Comtrade,TX.VAL.TECH.MF.ZS,"Supplementary exact-indicator observations; reported trade data, not gap-filled"
China,2007,30.2374939097036,WITS / UN Comtrade,TX.VAL.TECH.MF.ZS,"Supplementary exact-indicator observations; reported trade data, not gap-filled"
China,2008,29.4319344493349,WITS / UN Comtrade,TX.VAL.TECH.MF.ZS,"Supplementary exact-indicator observations; reported trade data, not gap-filled"
China,2009,31.9775769727453,WITS / UN Comtrade,TX.VAL.TECH.MF.ZS,"Supplementary exact-indicator observations; reported trade data, not gap-filled"
China,2010,32.1501169663397,WITS / UN Comtrade,TX.VAL.TECH.MF.ZS,"Supplementary exact-indicator observations; reported trade data, not gap-filled"
China,2011,30.5004796644425,WITS / UN Comtrade,TX.VAL.TECH.MF.ZS,"Supplementary exact-indicator observations; reported trade data, not gap-filled"
China,2012,30.8618085179503,WITS / UN Comtrade,TX.VAL.TECH.MF.ZS,"Supplementary exact-indicator observations; reported trade data, not gap-filled"
China,2013,31.5855813292794,WITS / UN Comtrade,TX.VAL.TECH.MF.ZS,"Supplementary exact-indicator observations; reported trade data, not gap-filled"
China,2014,29.7037271802947,WITS / UN Comtrade,TX.VAL.TECH.MF.ZS,"Supplementary exact-indicator observations; reported trade data, not gap-filled"
China,2015,30.4312672747562,WITS / UN Comtrade,TX.VAL.TECH.MF.ZS,"Supplementary exact-indicator observations; reported trade data, not gap-filled"
China,2016,30.2545232296357,WITS / UN Comtrade,TX.VAL.TECH.MF.ZS,"Supplementary exact-indicator observations; reported trade data, not gap-filled"
China,2017,30.9118639785891,WITS / UN Comtrade,TX.VAL.TECH.MF.ZS,"Supplementary exact-indicator observations; reported trade data, not gap-filled"
China,2018,31.5481478595353,WITS / UN Comtrade,TX.VAL.TECH.MF.ZS,"Supplementary exact-indicator observations; reported trade data, not gap-filled"
China,2019,30.8186302968419,WITS / UN Comtrade,TX.VAL.TECH.MF.ZS,"Supplementary exact-indicator observations; reported trade data, not gap-filled"
China,2020,31.2766154241293,WITS / UN Comtrade,TX.VAL.TECH.MF.ZS,"Supplementary exact-indicator observations; reported trade data, not gap-filled"
China,2021,30.2190732796596,WITS / UN Comtrade,TX.VAL.TECH.MF.ZS,"Supplementary exact-indicator observations; reported trade data, not gap-filled"
China,2022,27.7650612563156,WITS / UN Comtrade,TX.VAL.TECH.MF.ZS,"Supplementary exact-indicator observations; reported trade data, not gap-filled"
China,2023,26.5682136542881,WITS / UN Comtrade,TX.VAL.TECH.MF.ZS,"Supplementary exact-indicator observations; reported trade data, not gap-filled"
China,2024,,WITS / UN Comtrade,TX.VAL.TECH.MF.ZS,"Supplementary exact-indicator observations; reported trade data, not gap-filled"
China,2025,,WITS / UN Comtrade,TX.VAL.TECH.MF.ZS,"Supplementary exact-indicator observations; reported trade data, not gap-filled"
India,2000,,WITS / UN Comtrade,TX.VAL.TECH.MF.ZS,"Supplementary exact-indicator observations; reported trade data, not gap-filled"
India,2001,,WITS / UN Comtrade,TX.VAL.TECH.MF.ZS,"Supplementary exact-indicator observations; reported trade data, not gap-filled"
India,2002,,WITS / UN Comtrade,TX.VAL.TECH.MF.ZS,"Supplementary exact-indicator observations; reported trade data, not gap-filled"
India,2003,,WITS / UN Comtrade,TX.VAL.TECH.MF.ZS,"Supplementary exact-indicator observations; reported trade data, not gap-filled"
India,2004,,WITS / UN Comtrade,TX.VAL.TECH.MF.ZS,"Supplementary exact-indicator observations; reported trade data, not gap-filled"
India,2005,,WITS / UN Comtrade,TX.VAL.TECH.MF.ZS,"Supplementary exact-indicator observations; reported trade data, not gap-filled"
India,2006,,WITS / UN Comtrade,TX.VAL.TECH.MF.ZS,"Supplementary exact-indicator observations; reported trade data, not gap-filled"
India,2007,,WITS / UN Comtrade,TX.VAL.TECH.MF.ZS,"Supplementary exact-indicator observations; reported trade data, not gap-filled"
India,2008,,WITS / UN Comtrade,TX.VAL.TECH.MF.ZS,"Supplementary exact-indicator observations; reported trade data, not gap-filled"
India,2009,9.56909614274288,WITS / UN Comtrade,TX.VAL.TECH.MF.ZS,"Supplementary exact-indicator observations; reported trade data, not gap-filled"
India,2010,7.73016032755592,WITS / UN Comtrade,TX.VAL.TECH.MF.ZS,"Supplementary exact-indicator observations; reported trade data, not gap-filled"
India,2011,7.87117262454535,WITS / UN Comtrade,TX.VAL.TECH.MF.ZS,"Supplementary exact-indicator observations; reported trade data, not gap-filled"
India,2012,7.70439427946636,WITS / UN Comtrade,TX.VAL.TECH.MF.ZS,"Supplementary exact-indicator observations; reported trade data, not gap-filled"
India,2013,8.87350364988968,WITS / UN Comtrade,TX.VAL.TECH.MF.ZS,"Supplementary exact-indicator observations; reported trade data, not gap-filled"
India,2014,9.22122174793918,WITS / UN Comtrade,TX.VAL.TECH.MF.ZS,"Supplementary exact-indicator observations; reported trade data, not gap-filled"
India,2015,8.02476917234515,WITS / UN Comtrade,TX.VAL.TECH.MF.ZS,"Supplementary exact-indicator observations; reported trade data, not gap-filled"
India,2016,7.66325704378624,WITS / UN Comtrade,TX.VAL.TECH.MF.ZS,"Supplementary exact-indicator observations; reported trade data, not gap-filled"
India,2017,7.36208114076572,WITS / UN Comtrade,TX.VAL.TECH.MF.ZS,"Supplementary exact-indicator observations; reported trade data, not gap-filled"
India,2018,9.04145168835151,WITS / UN Comtrade,TX.VAL.TECH.MF.ZS,"Supplementary exact-indicator observations; reported trade data, not gap-filled"
India,2019,10.2237396907979,WITS / UN Comtrade,TX.VAL.TECH.MF.ZS,"Supplementary exact-indicator observations; reported trade data, not gap-filled"
India,2020,11.0325638466576,WITS / UN Comtrade,TX.VAL.TECH.MF.ZS,"Supplementary exact-indicator observations; reported trade data, not gap-filled"
India,2021,10.2125596625118,WITS / UN Comtrade,TX.VAL.TECH.MF.ZS,"Supplementary exact-indicator observations; reported trade data, not gap-filled"
India,2022,12.6822794807287,WITS / UN Comtrade,TX.VAL.TECH.MF.ZS,"Supplementary exact-indicator observations; reported trade data, not gap-filled"
India,2023,14.9343472986716,WITS / UN Comtrade,TX.VAL.TECH.MF.ZS,"Supplementary exact-indicator observations; reported trade data, not gap-filled"
India,2024,,WITS / UN Comtrade,TX.VAL.TECH.MF.ZS,"Supplementary exact-indicator observations; reported trade data, not gap-filled"
India,2025,,WITS / UN Comtrade,TX.VAL.TECH.MF.ZS,"Supplementary exact-indicator observations; reported trade data, not gap-filled"
Israel,2000,,WITS / UN Comtrade,TX.VAL.TECH.MF.ZS,"Supplementary exact-indicator observations; reported trade data, not gap-filled"
Israel,2001,,WITS / UN Comtrade,TX.VAL.TECH.MF.ZS,"Supplementary exact-indicator observations; reported trade data, not gap-filled"
Israel,2002,,WITS / UN Comtrade,TX.VAL.TECH.MF.ZS,"Supplementary exact-indicator observations; reported trade data, not gap-filled"
Israel,2003,,WITS / UN Comtrade,TX.VAL.TECH.MF.ZS,"Supplementary exact-indicator observations; reported trade data, not gap-filled"
Israel,2004,,WITS / UN Comtrade,TX.VAL.TECH.MF.ZS,"Supplementary exact-indicator observations; reported trade data, not gap-filled"
Israel,2005,,WITS / UN Comtrade,TX.VAL.TECH.MF.ZS,"Supplementary exact-indicator observations; reported trade data, not gap-filled"
Israel,2006,,WITS / UN Comtrade,TX.VAL.TECH.MF.ZS,"Supplementary exact-indicator observations; reported trade data, not gap-filled"
Israel,2007,7.62716744231259,WITS / UN Comtrade,TX.VAL.TECH.MF.ZS,"Supplementary exact-indicator observations; reported trade data, not gap-filled"
Israel,2008,17.0560538737395,WITS / UN Comtrade,TX.VAL.TECH.MF.ZS,"Supplementary exact-indicator observations; reported trade data, not gap-filled"
Israel,2009,23.3965145235289,WITS / UN Comtrade,TX.VAL.TECH.MF.ZS,"Supplementary exact-indicator observations; reported trade data, not gap-filled"
Israel,2010,19.3753611640664,WITS / UN Comtrade,TX.VAL.TECH.MF.ZS,"Supplementary exact-indicator observations; reported trade data, not gap-filled"
Israel,2011,18.3985722541565,WITS / UN Comtrade,TX.VAL.TECH.MF.ZS,"Supplementary exact-indicator observations; reported trade data, not gap-filled"
Israel,2012,19.8939600431067,WITS / UN Comtrade,TX.VAL.TECH.MF.ZS,"Supplementary exact-indicator observations; reported trade data, not gap-filled"
Israel,2013,19.0362582405147,WITS / UN Comtrade,TX.VAL.TECH.MF.ZS,"Supplementary exact-indicator observations; reported trade data, not gap-filled"
Israel,2014,19.4130528417277,WITS / UN Comtrade,TX.VAL.TECH.MF.ZS,"Supplementary exact-indicator observations; reported trade data, not gap-filled"
Israel,2015,23.6539775366063,WITS / UN Comtrade,TX.VAL.TECH.MF.ZS,"Supplementary exact-indicator observations; reported trade data, not gap-filled"
Israel,2016,21.8196172712291,WITS / UN Comtrade,TX.VAL.TECH.MF.ZS,"Supplementary exact-indicator observations; reported trade data, not gap-filled"
Israel,2017,21.0679788533896,WITS / UN Comtrade,TX.VAL.TECH.MF.ZS,"Supplementary exact-indicator observations; reported trade data, not gap-filled"
Israel,2018,22.5362840096475,WITS / UN Comtrade,TX.VAL.TECH.MF.ZS,"Supplementary exact-indicator observations; reported trade data, not gap-filled"
Israel,2019,23.0916656017552,WITS / UN Comtrade,TX.VAL.TECH.MF.ZS,"Supplementary exact-indicator observations; reported trade data, not gap-filled"
Israel,2020,28.197643074759,WITS / UN Comtrade,TX.VAL.TECH.MF.ZS,"Supplementary exact-indicator observations; reported trade data, not gap-filled"
Israel,2021,29.5956758722761,WITS / UN Comtrade,TX.VAL.TECH.MF.ZS,"Supplementary exact-indicator observations; reported trade data, not gap-filled"
Israel,2022,29.1090540410523,WITS / UN Comtrade,TX.VAL.TECH.MF.ZS,"Supplementary exact-indicator observations; reported trade data, not gap-filled"
Israel,2023,32.9027163457357,WITS / UN Comtrade,TX.VAL.TECH.MF.ZS,"Supplementary exact-indicator observations; reported trade data, not gap-filled"
Israel,2024,,WITS / UN Comtrade,TX.VAL.TECH.MF.ZS,"Supplementary exact-indicator observations; reported trade data, not gap-filled"
Israel,2025,,WITS / UN Comtrade,TX.VAL.TECH.MF.ZS,"Supplementary exact-indicator observations; reported trade data, not gap-filled"
South Korea,2000,,WITS / UN Comtrade,TX.VAL.TECH.MF.ZS,"Supplementary exact-indicator observations; reported trade data, not gap-filled"
South Korea,2001,,WITS / UN Comtrade,TX.VAL.TECH.MF.ZS,"Supplementary exact-indicator observations; reported trade data, not gap-filled"
South Korea,2002,,WITS / UN Comtrade,TX.VAL.TECH.MF.ZS,"Supplementary exact-indicator observations; reported trade data, not gap-filled"
South Korea,2003,,WITS / UN Comtrade,TX.VAL.TECH.MF.ZS,"Supplementary exact-indicator observations; reported trade data, not gap-filled"
South Korea,2004,,WITS / UN Comtrade,TX.VAL.TECH.MF.ZS,"Supplementary exact-indicator observations; reported trade data, not gap-filled"
South Korea,2005,,WITS / UN Comtrade,TX.VAL.TECH.MF.ZS,"Supplementary exact-indicator observations; reported trade data, not gap-filled"
South Korea,2006,,WITS / UN Comtrade,TX.VAL.TECH.MF.ZS,"Supplementary exact-indicator observations; reported trade data, not gap-filled"
South Korea,2007,32.4282584168837,WITS / UN Comtrade,TX.VAL.TECH.MF.ZS,"Supplementary exact-indicator observations; reported trade data, not gap-filled"
South Korea,2008,30.4501393108657,WITS / UN Comtrade,TX.VAL.TECH.MF.ZS,"Supplementary exact-indicator observations; reported trade data, not gap-filled"
South Korea,2009,32.1484365401841,WITS / UN Comtrade,TX.VAL.TECH.MF.ZS,"Supplementary exact-indicator observations; reported trade data, not gap-filled"
South Korea,2010,32.1343974843399,WITS / UN Comtrade,TX.VAL.TECH.MF.ZS,"Supplementary exact-indicator observations; reported trade data, not gap-filled"
South Korea,2011,28.2133210437189,WITS / UN Comtrade,TX.VAL.TECH.MF.ZS,"Supplementary exact-indicator observations; reported trade data, not gap-filled"
South Korea,2012,28.2220757644767,WITS / UN Comtrade,TX.VAL.TECH.MF.ZS,"Supplementary exact-indicator observations; reported trade data, not gap-filled"
South Korea,2013,29.8181999078998,WITS / UN Comtrade,TX.VAL.TECH.MF.ZS,"Supplementary exact-indicator observations; reported trade data, not gap-filled"
South Korea,2014,30.0608682657817,WITS / UN Comtrade,TX.VAL.TECH.MF.ZS,"Supplementary exact-indicator observations; reported trade data, not gap-filled"
South Korea,2015,31.2119270912605,WITS / UN Comtrade,TX.VAL.TECH.MF.ZS,"Supplementary exact-indicator observations; reported trade data, not gap-filled"
South Korea,2016,30.5250266717443,WITS / UN Comtrade,TX.VAL.TECH.MF.ZS,"Supplementary exact-indicator observations; reported trade data, not gap-filled"
South Korea,2017,32.546316460744,WITS / UN Comtrade,TX.VAL.TECH.MF.ZS,"Supplementary exact-indicator observations; reported trade data, not gap-filled"
South Korea,2018,36.3912233579129,WITS / UN Comtrade,TX.VAL.TECH.MF.ZS,"Supplementary exact-indicator observations; reported trade data, not gap-filled"
South Korea,2019,32.4050621736765,WITS / UN Comtrade,TX.VAL.TECH.MF.ZS,"Supplementary exact-indicator observations; reported trade data, not gap-filled"
South Korea,2020,35.6022265413283,WITS / UN Comtrade,TX.VAL.TECH.MF.ZS,"Supplementary exact-indicator observations; reported trade data, not gap-filled"
South Korea,2021,36.014503674486,WITS / UN Comtrade,TX.VAL.TECH.MF.ZS,"Supplementary exact-indicator observations; reported trade data, not gap-filled"
South Korea,2022,36.118278931217,WITS / UN Comtrade,TX.VAL.TECH.MF.ZS,"Supplementary exact-indicator observations; reported trade data, not gap-filled"
South Korea,2023,29.9769295422504,WITS / UN Comtrade,TX.VAL.TECH.MF.ZS,"Supplementary exact-indicator observations; reported trade data, not gap-filled"
South Korea,2024,,WITS / UN Comtrade,TX.VAL.TECH.MF.ZS,"Supplementary exact-indicator observations; reported trade data, not gap-filled"
South Korea,2025,,WITS / UN Comtrade,TX.VAL.TECH.MF.ZS,"Supplementary exact-indicator observations; reported trade data, not gap-filled"
Taiwan,2000,,WITS / UN Comtrade,TX.VAL.TECH.MF.ZS,"Supplementary exact-indicator observations; reported trade data, not gap-filled"
Taiwan,2001,,WITS / UN Comtrade,TX.VAL.TECH.MF.ZS,"Supplementary exact-indicator observations; reported trade data, not gap-filled"
Taiwan,2002,,WITS / UN Comtrade,TX.VAL.TECH.MF.ZS,"Supplementary exact-indicator observations; reported trade data, not gap-filled"
Taiwan,2003,,WITS / UN Comtrade,TX.VAL.TECH.MF.ZS,"Supplementary exact-indicator observations; reported trade data, not gap-filled"
Taiwan,2004,,WITS / UN Comtrade,TX.VAL.TECH.MF.ZS,"Supplementary exact-indicator observations; reported trade data, not gap-filled"
Taiwan,2005,,WITS / UN Comtrade,TX.VAL.TECH.MF.ZS,"Supplementary exact-indicator observations; reported trade data, not gap-filled"
Taiwan,2006,,WITS / UN Comtrade,TX.VAL.TECH.MF.ZS,"Supplementary exact-indicator observations; reported trade data, not gap-filled"
Taiwan,2007,,WITS / UN Comtrade,TX.VAL.TECH.MF.ZS,"Supplementary exact-indicator observations; reported trade data, not gap-filled"
Taiwan,2008,,WITS / UN Comtrade,TX.VAL.TECH.MF.ZS,"Supplementary exact-indicator observations; reported trade data, not gap-filled"
Taiwan,2009,,WITS / UN Comtrade,TX.VAL.TECH.MF.ZS,"Supplementary exact-indicator observations; reported trade data, not gap-filled"
Taiwan,2010,,WITS / UN Comtrade,TX.VAL.TECH.MF.ZS,"Supplementary exact-indicator observations; reported trade data, not gap-filled"
Taiwan,2011,,WITS / UN Comtrade,TX.VAL.TECH.MF.ZS,"Supplementary exact-indicator observations; reported trade data, not gap-filled"
Taiwan,2012,,WITS / UN Comtrade,TX.VAL.TECH.MF.ZS,"Supplementary exact-indicator observations; reported trade data, not gap-filled"
Taiwan,2013,,WITS / UN Comtrade,TX.VAL.TECH.MF.ZS,"Supplementary exact-indicator observations; reported trade data, not gap-filled"
Taiwan,2014,,WITS / UN Comtrade,TX.VAL.TECH.MF.ZS,"Supplementary exact-indicator observations; reported trade data, not gap-filled"
Taiwan,2015,,WITS / UN Comtrade,TX.VAL.TECH.MF.ZS,"Supplementary exact-indicator observations; reported trade data, not gap-filled"
Taiwan,2016,,WITS / UN Comtrade,TX.VAL.TECH.MF.ZS,"Supplementary exact-indicator observations; reported trade data, not gap-filled"
Taiwan,2017,,WITS / UN Comtrade,TX.VAL.TECH.MF.ZS,"Supplementary exact-indicator observations; reported trade data, not gap-filled"
Taiwan,2018,,WITS / UN Comtrade,TX.VAL.TECH.MF.ZS,"Supplementary exact-indicator observations; reported trade data, not gap-filled"
Taiwan,2019,,WITS / UN Comtrade,TX.VAL.TECH.MF.ZS,"Supplementary exact-indicator observations; reported trade data, not gap-filled"
Taiwan,2020,,WITS / UN Comtrade,TX.VAL.TECH.MF.ZS,"Supplementary exact-indicator observations; reported trade data, not gap-filled"
Taiwan,2021,,WITS / UN Comtrade,TX.VAL.TECH.MF.ZS,"Supplementary exact-indicator observations; reported trade data, not gap-filled"
Taiwan,2022,,WITS / UN Comtrade,TX.VAL.TECH.MF.ZS,"Supplementary exact-indicator observations; reported trade data, not gap-filled"
Taiwan,2023,,WITS / UN Comtrade,TX.VAL.TECH.MF.ZS,"Supplementary exact-indicator observations; reported trade data, not gap-filled"
Taiwan,2024,,WITS / UN Comtrade,TX.VAL.TECH.MF.ZS,"Supplementary exact-indicator observations; reported trade data, not gap-filled"
Taiwan,2025,,WITS / UN Comtrade,TX.VAL.TECH.MF.ZS,"Supplementary exact-indicator observations; reported trade data, not gap-filled"
