DATAFLOW,REF_AREA,FREQ,MEASURE,UNIT_MEASURE,PRICE_BASE,TRANSFORMATION,TIME_PERIOD,OBS_VALUE,OBS_STATUS,OBS_STATUS_2,OBS_STATUS_3,AUX_OBS_STATUS,CONF_STATUS,UNIT_MULT,BASE_PER,DECIMALS
OECD.STI.STP:DSD_MSTI@DF_MSTI(1.3),CRI,A,T_RS,PS,_Z,_Z,2014,4607.0,,,,,,0,,0
OECD.STI.STP:DSD_MSTI@DF_MSTI(1.3),CRI,A,T_RS,PS,_Z,_Z,2015,5043.0,,,,,,0,,0
OECD.STI.STP:DSD_MSTI@DF_MSTI(1.3),CRI,A,T_RS,PS,_Z,_Z,2016,4579.0,,,,,,0,,0
OECD.STI.STP:DSD_MSTI@DF_MSTI(1.3),CRI,A,T_RS,PS,_Z,_Z,2017,4475.0,,,,,,0,,0
OECD.STI.STP:DSD_MSTI@DF_MSTI(1.3),CRI,A,T_RS,PS,_Z,_Z,2018,4230.0,,,,,,0,,0
OECD.STI.STP:DSD_MSTI@DF_MSTI(1.3),CRI,A,T_RS,PS,_Z,_Z,2020,4306.0,,,,,,0,,0
OECD.STI.STP:DSD_MSTI@DF_MSTI(1.3),CRI,A,T_RS,PS,_Z,_Z,2021,4543.0,,,,,,0,,0
OECD.STI.STP:DSD_MSTI@DF_MSTI(1.3),CRI,A,T_RS,PS,_Z,_Z,2024,4577.0,,,,,,0,,0
OECD.STI.STP:DSD_MSTI@DF_MSTI(1.3),CZE,A,T_RS,PS,_Z,_Z,2000,30165.0,,,,,,0,,0
OECD.STI.STP:DSD_MSTI@DF_MSTI(1.3),CZE,A,T_RS,PS,_Z,_Z,2001,29216.0,,,,,,0,,0
OECD.STI.STP:DSD_MSTI@DF_MSTI(1.3),CZE,A,T_RS,PS,_Z,_Z,2002,30635.0,,,,,,0,,0
OECD.STI.STP:DSD_MSTI@DF_MSTI(1.3),CZE,A,T_RS,PS,_Z,_Z,2003,31421.0,,,,,,0,,0
OECD.STI.STP:DSD_MSTI@DF_MSTI(1.3),CZE,A,T_RS,PS,_Z,_Z,2004,34151.88,,,,,,0,,0
OECD.STI.STP:DSD_MSTI@DF_MSTI(1.3),CZE,A,T_RS,PS,_Z,_Z,2005,37542.33,,,,,,0,,0
OECD.STI.STP:DSD_MSTI@DF_MSTI(1.3),CZE,A,T_RS,PS,_Z,_Z,2006,39676.19,,,,,,0,,0
OECD.STI.STP:DSD_MSTI@DF_MSTI(1.3),CZE,A,T_RS,PS,_Z,_Z,2007,42538.44,,,,,,0,,0
OECD.STI.STP:DSD_MSTI@DF_MSTI(1.3),CZE,A,T_RS,PS,_Z,_Z,2008,44240.14,,,,,,0,,0
OECD.STI.STP:DSD_MSTI@DF_MSTI(1.3),CZE,A,T_RS,PS,_Z,_Z,2009,43092.22,,,,,,0,,0
OECD.STI.STP:DSD_MSTI@DF_MSTI(1.3),CZE,A,T_RS,PS,_Z,_Z,2010,43418.0,,,,,,0,,0
OECD.STI.STP:DSD_MSTI@DF_MSTI(1.3),CZE,A,T_RS,PS,_Z,_Z,2011,45902.0,,,,,,0,,0
OECD.STI.STP:DSD_MSTI@DF_MSTI(1.3),CZE,A,T_RS,PS,_Z,_Z,2012,47651.0,,,,,,0,,0
OECD.STI.STP:DSD_MSTI@DF_MSTI(1.3),CZE,A,T_RS,PS,_Z,_Z,2013,51455.0,,,,,,0,,0
OECD.STI.STP:DSD_MSTI@DF_MSTI(1.3),CZE,A,T_RS,PS,_Z,_Z,2014,54493.0,,,,,,0,,0
OECD.STI.STP:DSD_MSTI@DF_MSTI(1.3),CZE,A,T_RS,PS,_Z,_Z,2015,56604.54,,,,,,0,,0
OECD.STI.STP:DSD_MSTI@DF_MSTI(1.3),CZE,A,T_RS,PS,_Z,_Z,2016,56177.87999,,,,,,0,,0
OECD.STI.STP:DSD_MSTI@DF_MSTI(1.3),CZE,A,T_RS,PS,_Z,_Z,2017,59789.03035,,,,,,0,,0
OECD.STI.STP:DSD_MSTI@DF_MSTI(1.3),CZE,A,T_RS,PS,_Z,_Z,2018,61966.0,,,,,,0,,0
OECD.STI.STP:DSD_MSTI@DF_MSTI(1.3),CZE,A,T_RS,PS,_Z,_Z,2019,63690.0,,,,,,0,,0
OECD.STI.STP:DSD_MSTI@DF_MSTI(1.3),CZE,A,T_RS,PS,_Z,_Z,2020,65193.0,,,,,,0,,0
OECD.STI.STP:DSD_MSTI@DF_MSTI(1.3),CZE,A,T_RS,PS,_Z,_Z,2021,69536.0,,,,,,0,,0
OECD.STI.STP:DSD_MSTI@DF_MSTI(1.3),CZE,A,T_RS,PS,_Z,_Z,2022,71182.0,,,,,,0,,0
OECD.STI.STP:DSD_MSTI@DF_MSTI(1.3),CZE,A,T_RS,PS,_Z,_Z,2023,71241.0,,,,,,0,,0
OECD.STI.STP:DSD_MSTI@DF_MSTI(1.3),DNK,A,T_RS,PS,_Z,_Z,2001,29791.0,,,,,,0,,0
OECD.STI.STP:DSD_MSTI@DF_MSTI(1.3),DNK,A,T_RS,PS,_Z,_Z,2003,36046.24994,,,,,,0,,0
OECD.STI.STP:DSD_MSTI@DF_MSTI(1.3),DNK,A,T_RS,PS,_Z,_Z,2004,39532.85612,,,,,,0,,0
OECD.STI.STP:DSD_MSTI@DF_MSTI(1.3),DNK,A,T_RS,PS,_Z,_Z,2005,43460.35312,,,,,,0,,0
OECD.STI.STP:DSD_MSTI@DF_MSTI(1.3),DNK,A,T_RS,PS,_Z,_Z,2006,44094.6753,,,,,,0,,0
OECD.STI.STP:DSD_MSTI@DF_MSTI(1.3),DNK,A,T_RS,PS,_Z,_Z,2008,48442.4937,,,,,,0,,0
OECD.STI.STP:DSD_MSTI@DF_MSTI(1.3),DNK,A,T_RS,PS,_Z,_Z,2009,54048.5,,,,,,0,,0
OECD.STI.STP:DSD_MSTI@DF_MSTI(1.3),DNK,A,T_RS,PS,_Z,_Z,2010,54812.8,,,,,,0,,0
OECD.STI.STP:DSD_MSTI@DF_MSTI(1.3),DNK,A,T_RS,PS,_Z,_Z,2011,56844.8,,,,,,0,,0
OECD.STI.STP:DSD_MSTI@DF_MSTI(1.3),DNK,A,T_RS,PS,_Z,_Z,2012,57520.1,,,,,,0,,0
OECD.STI.STP:DSD_MSTI@DF_MSTI(1.3),DNK,A,T_RS,PS,_Z,_Z,2013,57876.0,,,,,,0,,0
OECD.STI.STP:DSD_MSTI@DF_MSTI(1.3),DNK,A,T_RS,PS,_Z,_Z,2014,58735.0,,,,,,0,,0
OECD.STI.STP:DSD_MSTI@DF_MSTI(1.3),DNK,A,T_RS,PS,_Z,_Z,2015,60492.0,,,,,,0,,0
OECD.STI.STP:DSD_MSTI@DF_MSTI(1.3),DNK,A,T_RS,PS,_Z,_Z,2016,60782.0,,,,,,0,,0
OECD.STI.STP:DSD_MSTI@DF_MSTI(1.3),DNK,A,T_RS,PS,_Z,_Z,2017,60085.0,,,,,,0,,0
OECD.STI.STP:DSD_MSTI@DF_MSTI(1.3),DNK,A,T_RS,PS,_Z,_Z,2018,60389.0,,,,,,0,,0
OECD.STI.STP:DSD_MSTI@DF_MSTI(1.3),EST,A,T_RS,PS,_Z,_Z,2000,4570.0,,,,,,0,,0
OECD.STI.STP:DSD_MSTI@DF_MSTI(1.3),EST,A,T_RS,PS,_Z,_Z,2001,4803.0,,,,,,0,,0
OECD.STI.STP:DSD_MSTI@DF_MSTI(1.3),EST,A,T_RS,PS,_Z,_Z,2002,5089.0,,,,,,0,,0
OECD.STI.STP:DSD_MSTI@DF_MSTI(1.3),EST,A,T_RS,PS,_Z,_Z,2005,5734.0,,,,,,0,,0
OECD.STI.STP:DSD_MSTI@DF_MSTI(1.3),EST,A,T_RS,PS,_Z,_Z,2006,6221.0,,,,,,0,,0
OECD.STI.STP:DSD_MSTI@DF_MSTI(1.3),EST,A,T_RS,PS,_Z,_Z,2007,6826.0,,,,,,0,,0
OECD.STI.STP:DSD_MSTI@DF_MSTI(1.3),EST,A,T_RS,PS,_Z,_Z,2008,7226.0,,,,,,0,,0
OECD.STI.STP:DSD_MSTI@DF_MSTI(1.3),EST,A,T_RS,PS,_Z,_Z,2009,7453.0,,,,,,0,,0
OECD.STI.STP:DSD_MSTI@DF_MSTI(1.3),EST,A,T_RS,PS,_Z,_Z,2010,7491.0,,,,,,0,,0
OECD.STI.STP:DSD_MSTI@DF_MSTI(1.3),EST,A,T_RS,PS,_Z,_Z,2011,7646.0,,,,,,0,,0
OECD.STI.STP:DSD_MSTI@DF_MSTI(1.3),EST,A,T_RS,PS,_Z,_Z,2012,7634.0,,,,,,0,,0
OECD.STI.STP:DSD_MSTI@DF_MSTI(1.3),EST,A,T_RS,PS,_Z,_Z,2013,7515.0,,,,,,0,,0
OECD.STI.STP:DSD_MSTI@DF_MSTI(1.3),EST,A,T_RS,PS,_Z,_Z,2014,7721.0,,,,,,0,,0
OECD.STI.STP:DSD_MSTI@DF_MSTI(1.3),EST,A,T_RS,PS,_Z,_Z,2015,7181.0,,,,,,0,,0
OECD.STI.STP:DSD_MSTI@DF_MSTI(1.3),EST,A,T_RS,PS,_Z,_Z,2016,6845.0,,,,,,0,,0
OECD.STI.STP:DSD_MSTI@DF_MSTI(1.3),EST,A,T_RS,PS,_Z,_Z,2017,7344.0,,,,,,0,,0
OECD.STI.STP:DSD_MSTI@DF_MSTI(1.3),EST,A,T_RS,PS,_Z,_Z,2018,7281.0,,,,,,0,,0
OECD.STI.STP:DSD_MSTI@DF_MSTI(1.3),EST,A,T_RS,PS,_Z,_Z,2019,7734.0,,,,,,0,,0
OECD.STI.STP:DSD_MSTI@DF_MSTI(1.3),EST,A,T_RS,PS,_Z,_Z,2020,8659.0,,,,,,0,,0
OECD.STI.STP:DSD_MSTI@DF_MSTI(1.3),EST,A,T_RS,PS,_Z,_Z,2021,9033.0,,,,,,0,,0
OECD.STI.STP:DSD_MSTI@DF_MSTI(1.3),EST,A,T_RS,PS,_Z,_Z,2022,9797.0,,,,,,0,,0
OECD.STI.STP:DSD_MSTI@DF_MSTI(1.3),EST,A,T_RS,PS,_Z,_Z,2023,10363.0,,,,,,0,,0
OECD.STI.STP:DSD_MSTI@DF_MSTI(1.3),FIN,A,T_RS,PS,_Z,_Z,2004,51219.0,,,,,,0,,0
OECD.STI.STP:DSD_MSTI@DF_MSTI(1.3),FIN,A,T_RS,PS,_Z,_Z,2005,50772.74734,,,,,,0,,0
OECD.STI.STP:DSD_MSTI@DF_MSTI(1.3),FIN,A,T_RS,PS,_Z,_Z,2006,53273.0,,,,,,0,,0
OECD.STI.STP:DSD_MSTI@DF_MSTI(1.3),FIN,A,T_RS,PS,_Z,_Z,2007,53419.6044,,,,,,0,,0
OECD.STI.STP:DSD_MSTI@DF_MSTI(1.3),FIN,A,T_RS,PS,_Z,_Z,2008,55195.3132,,,,,,0,,0
OECD.STI.STP:DSD_MSTI@DF_MSTI(1.3),FIN,A,T_RS,PS,_Z,_Z,2009,55796.8839,,,,,,0,,0
OECD.STI.STP:DSD_MSTI@DF_MSTI(1.3),FIN,A,T_RS,PS,_Z,_Z,2010,57163.4605,,,,,,0,,0
OECD.STI.STP:DSD_MSTI@DF_MSTI(1.3),FIN,A,T_RS,PS,_Z,_Z,2011,57549.0,,,,,,0,,0
OECD.STI.STP:DSD_MSTI@DF_MSTI(1.3),FIN,A,T_RS,PS,_Z,_Z,2012,56704.0,,,,,,0,,0
OECD.STI.STP:DSD_MSTI@DF_MSTI(1.3),FIN,A,T_RS,PS,_Z,_Z,2013,56720.0,,,,,,0,,0
OECD.STI.STP:DSD_MSTI@DF_MSTI(1.3),FIN,A,T_RS,PS,_Z,_Z,2014,55515.0,,,,,,0,,0
OECD.STI.STP:DSD_MSTI@DF_MSTI(1.3),FIN,A,T_RS,PS,_Z,_Z,2015,55728.0,,,,,,0,,0
OECD.STI.STP:DSD_MSTI@DF_MSTI(1.3),FIN,A,T_RS,PS,_Z,_Z,2016,53752.0,,,,,,0,,0
OECD.STI.STP:DSD_MSTI@DF_MSTI(1.3),FIN,A,T_RS,PS,_Z,_Z,2017,54139.0,,,,,,0,,0
OECD.STI.STP:DSD_MSTI@DF_MSTI(1.3),FIN,A,T_RS,PS,_Z,_Z,2018,55415.0,,,,,,0,,0
OECD.STI.STP:DSD_MSTI@DF_MSTI(1.3),FIN,A,T_RS,PS,_Z,_Z,2019,58291.0,,,,,,0,,0
OECD.STI.STP:DSD_MSTI@DF_MSTI(1.3),FIN,A,T_RS,PS,_Z,_Z,2020,61292.0,,,,,,0,,0
OECD.STI.STP:DSD_MSTI@DF_MSTI(1.3),FIN,A,T_RS,PS,_Z,_Z,2021,65815.0,,,,,,0,,0
OECD.STI.STP:DSD_MSTI@DF_MSTI(1.3),FIN,A,T_RS,PS,_Z,_Z,2022,66421.0,,,,,,0,,0
OECD.STI.STP:DSD_MSTI@DF_MSTI(1.3),FIN,A,T_RS,PS,_Z,_Z,2023,69017.0,,,,,,0,,0
OECD.STI.STP:DSD_MSTI@DF_MSTI(1.3),FRA,A,T_RS,PS,_Z,_Z,2003,240185.67,,,,,,0,,0
OECD.STI.STP:DSD_MSTI@DF_MSTI(1.3),FRA,A,T_RS,PS,_Z,_Z,2004,249533.4,,,,,,0,,0
OECD.STI.STP:DSD_MSTI@DF_MSTI(1.3),FRA,A,T_RS,PS,_Z,_Z,2005,251599.0,,,,,,0,,0
OECD.STI.STP:DSD_MSTI@DF_MSTI(1.3),FRA,A,T_RS,PS,_Z,_Z,2006,268943.86,,,,,,0,,0
OECD.STI.STP:DSD_MSTI@DF_MSTI(1.3),FRA,A,T_RS,PS,_Z,_Z,2007,278479.74,,,,,,0,,0
OECD.STI.STP:DSD_MSTI@DF_MSTI(1.3),FRA,A,T_RS,PS,_Z,_Z,2008,289040.69,,,,,,0,,0
OECD.STI.STP:DSD_MSTI@DF_MSTI(1.3),FRA,A,T_RS,PS,_Z,_Z,2009,296092.93,,,,,,0,,0
OECD.STI.STP:DSD_MSTI@DF_MSTI(1.3),FRA,A,T_RS,PS,_Z,_Z,2011,338469.5,,,,,,0,,0
OECD.STI.STP:DSD_MSTI@DF_MSTI(1.3),FRA,A,T_RS,PS,_Z,_Z,2012,356445.42,,,,,,0,,0
OECD.STI.STP:DSD_MSTI@DF_MSTI(1.3),FRA,A,T_RS,PS,_Z,_Z,2013,365737.25,,,,,,0,,0
OECD.STI.STP:DSD_MSTI@DF_MSTI(1.3),FRA,A,T_RS,PS,_Z,_Z,2015,383842.82,,,,,,0,,0
OECD.STI.STP:DSD_MSTI@DF_MSTI(1.3),FRA,A,T_RS,PS,_Z,_Z,2016,396594.0,,,,,,0,,0
OECD.STI.STP:DSD_MSTI@DF_MSTI(1.3),FRA,A,T_RS,PS,_Z,_Z,2020,460792.0,,,,,,0,,0
OECD.STI.STP:DSD_MSTI@DF_MSTI(1.3),FRA,A,T_RS,PS,_Z,_Z,2021,467519.0,,,,,,0,,0
OECD.STI.STP:DSD_MSTI@DF_MSTI(1.3),FRA,A,T_RS,PS,_Z,_Z,2022,475576.0,,,,,,0,,0
OECD.STI.STP:DSD_MSTI@DF_MSTI(1.3),FRA,A,T_RS,PS,_Z,_Z,2023,483383.0,,,,,,0,,0
OECD.STI.STP:DSD_MSTI@DF_MSTI(1.3),DEU,A,T_RS,PS,_Z,_Z,2003,397130.0,,,,,,0,,0
OECD.STI.STP:DSD_MSTI@DF_MSTI(1.3),DEU,A,T_RS,PS,_Z,_Z,2005,406253.0,,,,,,0,,0
OECD.STI.STP:DSD_MSTI@DF_MSTI(1.3),DEU,A,T_RS,PS,_Z,_Z,2007,437780.0,,,,,,0,,0
OECD.STI.STP:DSD_MSTI@DF_MSTI(1.3),DEU,A,T_RS,PS,_Z,_Z,2009,487242.0,,,,,,0,,0
OECD.STI.STP:DSD_MSTI@DF_MSTI(1.3),DEU,A,T_RS,PS,_Z,_Z,2011,522010.0,,,,,,0,,0
OECD.STI.STP:DSD_MSTI@DF_MSTI(1.3),DEU,A,T_RS,PS,_Z,_Z,2013,549283.0,,,,,,0,,0
OECD.STI.STP:DSD_MSTI@DF_MSTI(1.3),DEU,A,T_RS,PS,_Z,_Z,2015,586030.0,,,,,,0,,0
OECD.STI.STP:DSD_MSTI@DF_MSTI(1.3),DEU,A,T_RS,PS,_Z,_Z,2017,623125.0,,,,,,0,,0
OECD.STI.STP:DSD_MSTI@DF_MSTI(1.3),DEU,A,T_RS,PS,_Z,_Z,2019,667394.0,,,,,,0,,0
OECD.STI.STP:DSD_MSTI@DF_MSTI(1.3),DEU,A,T_RS,PS,_Z,_Z,2021,691264.0,,,,,,0,,0
OECD.STI.STP:DSD_MSTI@DF_MSTI(1.3),DEU,A,T_RS,PS,_Z,_Z,2023,742803.0,,,,,,0,,0
OECD.STI.STP:DSD_MSTI@DF_MSTI(1.3),HUN,A,T_RS,PS,_Z,_Z,2005,31407.0,,,,,,0,,0
OECD.STI.STP:DSD_MSTI@DF_MSTI(1.3),HUN,A,T_RS,PS,_Z,_Z,2006,32786.0,,,,,,0,,0
OECD.STI.STP:DSD_MSTI@DF_MSTI(1.3),HUN,A,T_RS,PS,_Z,_Z,2007,33059.0,,,,,,0,,0
OECD.STI.STP:DSD_MSTI@DF_MSTI(1.3),HUN,A,T_RS,PS,_Z,_Z,2008,33739.0,,,,,,0,,0
OECD.STI.STP:DSD_MSTI@DF_MSTI(1.3),HUN,A,T_RS,PS,_Z,_Z,2009,35267.0,,,,,,0,,0
OECD.STI.STP:DSD_MSTI@DF_MSTI(1.3),HUN,A,T_RS,PS,_Z,_Z,2010,35700.0,,,,,,0,,0
OECD.STI.STP:DSD_MSTI@DF_MSTI(1.3),HUN,A,T_RS,PS,_Z,_Z,2011,36945.0,,,,,,0,,0
OECD.STI.STP:DSD_MSTI@DF_MSTI(1.3),HUN,A,T_RS,PS,_Z,_Z,2012,37019.0,,,,,,0,,0
OECD.STI.STP:DSD_MSTI@DF_MSTI(1.3),HUN,A,T_RS,PS,_Z,_Z,2013,37803.0,,,,,,0,,0
OECD.STI.STP:DSD_MSTI@DF_MSTI(1.3),HUN,A,T_RS,PS,_Z,_Z,2014,39190.0,,,,,,0,,0
OECD.STI.STP:DSD_MSTI@DF_MSTI(1.3),HUN,A,T_RS,PS,_Z,_Z,2015,38418.0,,,,,,0,,0
OECD.STI.STP:DSD_MSTI@DF_MSTI(1.3),HUN,A,T_RS,PS,_Z,_Z,2016,38915.0,,,,,,0,,0
OECD.STI.STP:DSD_MSTI@DF_MSTI(1.3),HUN,A,T_RS,PS,_Z,_Z,2017,42729.0,,,,,,0,,0
OECD.STI.STP:DSD_MSTI@DF_MSTI(1.3),ISL,A,T_RS,PS,_Z,_Z,2001,3231.0,,,,,,0,,0
OECD.STI.STP:DSD_MSTI@DF_MSTI(1.3),ISL,A,T_RS,PS,_Z,_Z,2003,3517.0,,,,,,0,,0
OECD.STI.STP:DSD_MSTI@DF_MSTI(1.3),ISL,A,T_RS,PS,_Z,_Z,2005,3821.0,,,,,,0,,0
OECD.STI.STP:DSD_MSTI@DF_MSTI(1.3),ISL,A,T_RS,PS,_Z,_Z,2006,4290.0,,,,,,0,,0
OECD.STI.STP:DSD_MSTI@DF_MSTI(1.3),ISL,A,T_RS,PS,_Z,_Z,2007,3979.0,,,,,,0,,0
OECD.STI.STP:DSD_MSTI@DF_MSTI(1.3),ISL,A,T_RS,PS,_Z,_Z,2008,4158.055,,,,,,0,,0
OECD.STI.STP:DSD_MSTI@DF_MSTI(1.3),ISL,A,T_RS,PS,_Z,_Z,2009,3754.0,,,,,,0,,0
OECD.STI.STP:DSD_MSTI@DF_MSTI(1.3),ISL,A,T_RS,PS,_Z,_Z,2021,4703.0,,,,,,0,,0
OECD.STI.STP:DSD_MSTI@DF_MSTI(1.3),ISL,A,T_RS,PS,_Z,_Z,2023,4702.0,,,,,,0,,0
OECD.STI.STP:DSD_MSTI@DF_MSTI(1.3),IRL,A,T_RS,PS,_Z,_Z,2002,15512.0,,,,,,0,,0
OECD.STI.STP:DSD_MSTI@DF_MSTI(1.3),IRL,A,T_RS,PS,_Z,_Z,2003,15877.0,,,,,,0,,0
OECD.STI.STP:DSD_MSTI@DF_MSTI(1.3),IRL,A,T_RS,PS,_Z,_Z,2004,16641.0,,,,,,0,,0
OECD.STI.STP:DSD_MSTI@DF_MSTI(1.3),IRL,A,T_RS,PS,_Z,_Z,2005,17653.0,,,,,,0,,0
OECD.STI.STP:DSD_MSTI@DF_MSTI(1.3),IRL,A,T_RS,PS,_Z,_Z,2006,18567.0,,,,,,0,,0
OECD.STI.STP:DSD_MSTI@DF_MSTI(1.3),IRL,A,T_RS,PS,_Z,_Z,2007,19406.8,,,,,,0,,0
OECD.STI.STP:DSD_MSTI@DF_MSTI(1.3),IRL,A,T_RS,PS,_Z,_Z,2008,21040.0,,,,,,0,,0
OECD.STI.STP:DSD_MSTI@DF_MSTI(1.3),IRL,A,T_RS,PS,_Z,_Z,2009,20900.9,,,,,,0,,0
OECD.STI.STP:DSD_MSTI@DF_MSTI(1.3),IRL,A,T_RS,PS,_Z,_Z,2011,22357.5,,,,,,0,,0
OECD.STI.STP:DSD_MSTI@DF_MSTI(1.3),IRL,A,T_RS,PS,_Z,_Z,2012,17895.0,,,,,,0,,0
OECD.STI.STP:DSD_MSTI@DF_MSTI(1.3),IRL,A,T_RS,PS,_Z,_Z,2013,32084.0,,,,,,0,,0
OECD.STI.STP:DSD_MSTI@DF_MSTI(1.3),IRL,A,T_RS,PS,_Z,_Z,2023,43645.0,,,,,,0,,0
OECD.STI.STP:DSD_MSTI@DF_MSTI(1.3),KOR,A,T_RS,PS,_Z,_Z,2008,300050.0,,,,,,0,,0
OECD.STI.STP:DSD_MSTI@DF_MSTI(1.3),KOR,A,T_RS,PS,_Z,_Z,2009,323175.0,,,,,,0,,0
OECD.STI.STP:DSD_MSTI@DF_MSTI(1.3),KOR,A,T_RS,PS,_Z,_Z,2010,345912.0,,,,,,0,,0
OECD.STI.STP:DSD_MSTI@DF_MSTI(1.3),KOR,A,T_RS,PS,_Z,_Z,2011,375176.0,,,,,,0,,0
OECD.STI.STP:DSD_MSTI@DF_MSTI(1.3),KOR,A,T_RS,PS,_Z,_Z,2012,401724.0,,,,,,0,,0
OECD.STI.STP:DSD_MSTI@DF_MSTI(1.3),KOR,A,T_RS,PS,_Z,_Z,2013,410333.0,,,,,,0,,0
OECD.STI.STP:DSD_MSTI@DF_MSTI(1.3),KOR,A,T_RS,PS,_Z,_Z,2014,437447.0,,,,,,0,,0
OECD.STI.STP:DSD_MSTI@DF_MSTI(1.3),KOR,A,T_RS,PS,_Z,_Z,2015,453262.0,,,,,,0,,0
OECD.STI.STP:DSD_MSTI@DF_MSTI(1.3),KOR,A,T_RS,PS,_Z,_Z,2016,460769.0,,,,,,0,,0
OECD.STI.STP:DSD_MSTI@DF_MSTI(1.3),KOR,A,T_RS,PS,_Z,_Z,2017,482796.0,,,,,,0,,0
OECD.STI.STP:DSD_MSTI@DF_MSTI(1.3),KOR,A,T_RS,PS,_Z,_Z,2018,514170.0,,,,,,0,,0
OECD.STI.STP:DSD_MSTI@DF_MSTI(1.3),KOR,A,T_RS,PS,_Z,_Z,2019,538136.0,,,,,,0,,0
OECD.STI.STP:DSD_MSTI@DF_MSTI(1.3),KOR,A,T_RS,PS,_Z,_Z,2020,558045.0,,,,,,0,,0
OECD.STI.STP:DSD_MSTI@DF_MSTI(1.3),KOR,A,T_RS,PS,_Z,_Z,2021,586666.0,,,,,,0,,0
OECD.STI.STP:DSD_MSTI@DF_MSTI(1.3),KOR,A,T_RS,PS,_Z,_Z,2022,601530.0,,,,,,0,,0
OECD.STI.STP:DSD_MSTI@DF_MSTI(1.3),KOR,A,T_RS,PS,_Z,_Z,2023,603566.0,,,,,,0,,0
OECD.STI.STP:DSD_MSTI@DF_MSTI(1.3),KOR,A,T_RS,PS,_Z,_Z,2024,615063.0,,,,,,0,,0
OECD.STI.STP:DSD_MSTI@DF_MSTI(1.3),LTU,A,T_RS,PS,_Z,_Z,2000,10100.0,,,,,,0,,0
OECD.STI.STP:DSD_MSTI@DF_MSTI(1.3),LTU,A,T_RS,PS,_Z,_Z,2001,10213.0,,,,,,0,,0
OECD.STI.STP:DSD_MSTI@DF_MSTI(1.3),LTU,A,T_RS,PS,_Z,_Z,2002,9517.0,,,,,,0,,0
OECD.STI.STP:DSD_MSTI@DF_MSTI(1.3),LTU,A,T_RS,PS,_Z,_Z,2003,10552.0,,,,,,0,,0
OECD.STI.STP:DSD_MSTI@DF_MSTI(1.3),LTU,A,T_RS,PS,_Z,_Z,2004,11636.0,,,,,,0,,0
OECD.STI.STP:DSD_MSTI@DF_MSTI(1.3),LTU,A,T_RS,PS,_Z,_Z,2005,11918.0,,,,,,0,,0
OECD.STI.STP:DSD_MSTI@DF_MSTI(1.3),LTU,A,T_RS,PS,_Z,_Z,2006,12013.0,,,,,,0,,0
OECD.STI.STP:DSD_MSTI@DF_MSTI(1.3),LTU,A,T_RS,PS,_Z,_Z,2007,13393.0,,,,,,0,,0
OECD.STI.STP:DSD_MSTI@DF_MSTI(1.3),LTU,A,T_RS,PS,_Z,_Z,2008,13518.0,,,,,,0,,0
OECD.STI.STP:DSD_MSTI@DF_MSTI(1.3),LTU,A,T_RS,PS,_Z,_Z,2009,13882.0,,,,,,0,,0
OECD.STI.STP:DSD_MSTI@DF_MSTI(1.3),LTU,A,T_RS,PS,_Z,_Z,2010,14056.0,,,,,,0,,0
OECD.STI.STP:DSD_MSTI@DF_MSTI(1.3),LTU,A,T_RS,PS,_Z,_Z,2011,17358.0,,,,,,0,,0
OECD.STI.STP:DSD_MSTI@DF_MSTI(1.3),LTU,A,T_RS,PS,_Z,_Z,2012,17677.0,,,,,,0,,0
OECD.STI.STP:DSD_MSTI@DF_MSTI(1.3),LTU,A,T_RS,PS,_Z,_Z,2013,18083.0,,,,,,0,,0
OECD.STI.STP:DSD_MSTI@DF_MSTI(1.3),LTU,A,T_RS,PS,_Z,_Z,2014,19371.0,,,,,,0,,0
OECD.STI.STP:DSD_MSTI@DF_MSTI(1.3),LTU,A,T_RS,PS,_Z,_Z,2015,17293.0,,,,,,0,,0
OECD.STI.STP:DSD_MSTI@DF_MSTI(1.3),LTU,A,T_RS,PS,_Z,_Z,2016,17746.0,,,,,,0,,0
OECD.STI.STP:DSD_MSTI@DF_MSTI(1.3),LTU,A,T_RS,PS,_Z,_Z,2017,18767.0,,,,,,0,,0
OECD.STI.STP:DSD_MSTI@DF_MSTI(1.3),LTU,A,T_RS,PS,_Z,_Z,2018,19198.0,,,,,,0,,0
OECD.STI.STP:DSD_MSTI@DF_MSTI(1.3),LTU,A,T_RS,PS,_Z,_Z,2019,18811.0,,,,,,0,,0
OECD.STI.STP:DSD_MSTI@DF_MSTI(1.3),LTU,A,T_RS,PS,_Z,_Z,2020,19431.0,,,,,,0,,0
OECD.STI.STP:DSD_MSTI@DF_MSTI(1.3),LTU,A,T_RS,PS,_Z,_Z,2021,19609.0,,,,,,0,,0
OECD.STI.STP:DSD_MSTI@DF_MSTI(1.3),LTU,A,T_RS,PS,_Z,_Z,2022,19589.0,,,,,,0,,0
OECD.STI.STP:DSD_MSTI@DF_MSTI(1.3),LTU,A,T_RS,PS,_Z,_Z,2023,19190.0,,,,,,0,,0
OECD.STI.STP:DSD_MSTI@DF_MSTI(1.3),LUX,A,T_RS,PS,_Z,_Z,2003,2023.0,,,,,,0,,0
OECD.STI.STP:DSD_MSTI@DF_MSTI(1.3),LUX,A,T_RS,PS,_Z,_Z,2005,2443.0,,,,,,0,,0
OECD.STI.STP:DSD_MSTI@DF_MSTI(1.3),LUX,A,T_RS,PS,_Z,_Z,2009,2951.0,,,,,,0,,0
OECD.STI.STP:DSD_MSTI@DF_MSTI(1.3),LUX,A,T_RS,PS,_Z,_Z,2011,3114.0,,,,,,0,,0
OECD.STI.STP:DSD_MSTI@DF_MSTI(1.3),LUX,A,T_RS,PS,_Z,_Z,2013,2713.0,,,,,,0,,0
OECD.STI.STP:DSD_MSTI@DF_MSTI(1.3),LUX,A,T_RS,PS,_Z,_Z,2015,3206.7,,,,,,0,,0
OECD.STI.STP:DSD_MSTI@DF_MSTI(1.3),LUX,A,T_RS,PS,_Z,_Z,2017,3540.0,,,,,,0,,0
OECD.STI.STP:DSD_MSTI@DF_MSTI(1.3),LUX,A,T_RS,PS,_Z,_Z,2019,3722.0,,,,,,0,,0
OECD.STI.STP:DSD_MSTI@DF_MSTI(1.3),LUX,A,T_RS,PS,_Z,_Z,2021,3746.0,,,,,,0,,0
OECD.STI.STP:DSD_MSTI@DF_MSTI(1.3),LUX,A,T_RS,PS,_Z,_Z,2023,4186.0,,,,,,0,,0
OECD.STI.STP:DSD_MSTI@DF_MSTI(1.3),MEX,A,T_RS,PS,_Z,_Z,2003,44577.0,,,,,,0,,0
OECD.STI.STP:DSD_MSTI@DF_MSTI(1.3),MEX,A,T_RS,PS,_Z,_Z,2010,54532.0873,,,,,,0,,0
OECD.STI.STP:DSD_MSTI@DF_MSTI(1.3),MEX,A,T_RS,PS,_Z,_Z,2011,56480.8313,,,,,,0,,0
OECD.STI.STP:DSD_MSTI@DF_MSTI(1.3),MEX,A,T_RS,PS,_Z,_Z,2012,41418.6027,,,,,,0,,0
OECD.STI.STP:DSD_MSTI@DF_MSTI(1.3),MEX,A,T_RS,PS,_Z,_Z,2013,42222.0509,,,,,,0,,0
OECD.STI.STP:DSD_MSTI@DF_MSTI(1.3),MEX,A,T_RS,PS,_Z,_Z,2014,44661.7399,,,,,,0,,0
OECD.STI.STP:DSD_MSTI@DF_MSTI(1.3),MEX,A,T_RS,PS,_Z,_Z,2015,48811.9475,,,,,,0,,0
OECD.STI.STP:DSD_MSTI@DF_MSTI(1.3),MEX,A,T_RS,PS,_Z,_Z,2016,54357.1345,,,,,,0,,0
OECD.STI.STP:DSD_MSTI@DF_MSTI(1.3),NLD,A,T_RS,PS,_Z,_Z,2000,52718.0,,,,,,0,,0
OECD.STI.STP:DSD_MSTI@DF_MSTI(1.3),NLD,A,T_RS,PS,_Z,_Z,2001,55305.0,,,,,,0,,0
OECD.STI.STP:DSD_MSTI@DF_MSTI(1.3),NLD,A,T_RS,PS,_Z,_Z,2002,53476.0,,,,,,0,,0
OECD.STI.STP:DSD_MSTI@DF_MSTI(1.3),NLD,A,T_RS,PS,_Z,_Z,2004,60588.0,,,,,,0,,0
OECD.STI.STP:DSD_MSTI@DF_MSTI(1.3),NLD,A,T_RS,PS,_Z,_Z,2005,57782.0,,,,,,0,,0
OECD.STI.STP:DSD_MSTI@DF_MSTI(1.3),NLD,A,T_RS,PS,_Z,_Z,2006,65031.0,,,,,,0,,0
OECD.STI.STP:DSD_MSTI@DF_MSTI(1.3),NLD,A,T_RS,PS,_Z,_Z,2007,60106.0,,,,,,0,,0
OECD.STI.STP:DSD_MSTI@DF_MSTI(1.3),NLD,A,T_RS,PS,_Z,_Z,2008,60969.0,,,,,,0,,0
OECD.STI.STP:DSD_MSTI@DF_MSTI(1.3),NLD,A,T_RS,PS,_Z,_Z,2009,54505.0,,,,,,0,,0
OECD.STI.STP:DSD_MSTI@DF_MSTI(1.3),NLD,A,T_RS,PS,_Z,_Z,2010,64829.0,,,,,,0,,0
OECD.STI.STP:DSD_MSTI@DF_MSTI(1.3),NLD,A,T_RS,PS,_Z,_Z,2014,117573.0,,,,,,0,,0
OECD.STI.STP:DSD_MSTI@DF_MSTI(1.3),NLD,A,T_RS,PS,_Z,_Z,2015,118902.0,,,,,,0,,0
OECD.STI.STP:DSD_MSTI@DF_MSTI(1.3),NLD,A,T_RS,PS,_Z,_Z,2016,124568.0,,,,,,0,,0
OECD.STI.STP:DSD_MSTI@DF_MSTI(1.3),NLD,A,T_RS,PS,_Z,_Z,2017,124834.0,,,,,,0,,0
OECD.STI.STP:DSD_MSTI@DF_MSTI(1.3),NLD,A,T_RS,PS,_Z,_Z,2018,130153.0,,,,,,0,,0
OECD.STI.STP:DSD_MSTI@DF_MSTI(1.3),NLD,A,T_RS,PS,_Z,_Z,2019,136034.0,,,,,,0,,0
OECD.STI.STP:DSD_MSTI@DF_MSTI(1.3),NLD,A,T_RS,PS,_Z,_Z,2020,139928.0,,,,,,0,,0
OECD.STI.STP:DSD_MSTI@DF_MSTI(1.3),NLD,A,T_RS,PS,_Z,_Z,2021,143445.0,,,,,,0,,0
OECD.STI.STP:DSD_MSTI@DF_MSTI(1.3),NLD,A,T_RS,PS,_Z,_Z,2023,157331.0,,,,,,0,,0
OECD.STI.STP:DSD_MSTI@DF_MSTI(1.3),NZL,A,T_RS,PS,_Z,_Z,2001,16650.0,,,,,,0,,0
OECD.STI.STP:DSD_MSTI@DF_MSTI(1.3),NZL,A,T_RS,PS,_Z,_Z,2003,20181.0,,,,,,0,,0
OECD.STI.STP:DSD_MSTI@DF_MSTI(1.3),NZL,A,T_RS,PS,_Z,_Z,2005,22186.0,,,,,,0,,0
OECD.STI.STP:DSD_MSTI@DF_MSTI(1.3),NZL,A,T_RS,PS,_Z,_Z,2007,25300.0,,,,,,0,,0
OECD.STI.STP:DSD_MSTI@DF_MSTI(1.3),NZL,A,T_RS,PS,_Z,_Z,2009,27000.0,,,,,,0,,0
OECD.STI.STP:DSD_MSTI@DF_MSTI(1.3),NZL,A,T_RS,PS,_Z,_Z,2011,28100.0,,,,,,0,,0
OECD.STI.STP:DSD_MSTI@DF_MSTI(1.3),NZL,A,T_RS,PS,_Z,_Z,2013,29300.0,,,,,,0,,0
OECD.STI.STP:DSD_MSTI@DF_MSTI(1.3),NZL,A,T_RS,PS,_Z,_Z,2015,39000.0,,,,,,0,,0
OECD.STI.STP:DSD_MSTI@DF_MSTI(1.3),NZL,A,T_RS,PS,_Z,_Z,2017,40000.0,,,,,,0,,0
OECD.STI.STP:DSD_MSTI@DF_MSTI(1.3),NZL,A,T_RS,PS,_Z,_Z,2019,43000.0,,,,,,0,,0
OECD.STI.STP:DSD_MSTI@DF_MSTI(1.3),NZL,A,T_RS,PS,_Z,_Z,2021,42000.0,,,,,,0,,0
OECD.STI.STP:DSD_MSTI@DF_MSTI(1.3),NZL,A,T_RS,PS,_Z,_Z,2023,46000.0,,,,,,0,,0
OECD.STI.STP:DSD_MSTI@DF_MSTI(1.3),NOR,A,T_RS,PS,_Z,_Z,2001,34506.0,,,,,,0,,0
OECD.STI.STP:DSD_MSTI@DF_MSTI(1.3),NOR,A,T_RS,PS,_Z,_Z,2003,35267.0,,,,,,0,,0
OECD.STI.STP:DSD_MSTI@DF_MSTI(1.3),NOR,A,T_RS,PS,_Z,_Z,2005,36555.0,,,,,,0,,0
OECD.STI.STP:DSD_MSTI@DF_MSTI(1.3),NOR,A,T_RS,PS,_Z,_Z,2007,41327.0,,,,,,0,,0
OECD.STI.STP:DSD_MSTI@DF_MSTI(1.3),NOR,A,T_RS,PS,_Z,_Z,2008,43699.0,,,,,,0,,0
OECD.STI.STP:DSD_MSTI@DF_MSTI(1.3),NOR,A,T_RS,PS,_Z,_Z,2009,44762.0,,,,,,0,,0
OECD.STI.STP:DSD_MSTI@DF_MSTI(1.3),NOR,A,T_RS,PS,_Z,_Z,2010,44774.0,,,,,,0,,0
OECD.STI.STP:DSD_MSTI@DF_MSTI(1.3),NOR,A,T_RS,PS,_Z,_Z,2011,45578.0,,,,,,0,,0
OECD.STI.STP:DSD_MSTI@DF_MSTI(1.3),NOR,A,T_RS,PS,_Z,_Z,2012,46747.0,,,,,,0,,0
OECD.STI.STP:DSD_MSTI@DF_MSTI(1.3),NOR,A,T_RS,PS,_Z,_Z,2013,47795.0,,,,,,0,,0
OECD.STI.STP:DSD_MSTI@DF_MSTI(1.3),NOR,A,T_RS,PS,_Z,_Z,2014,50025.0,,,,,,0,,0
OECD.STI.STP:DSD_MSTI@DF_MSTI(1.3),NOR,A,T_RS,PS,_Z,_Z,2015,52181.0,,,,,,0,,0
OECD.STI.STP:DSD_MSTI@DF_MSTI(1.3),NOR,A,T_RS,PS,_Z,_Z,2016,54601.0,,,,,,0,,0
OECD.STI.STP:DSD_MSTI@DF_MSTI(1.3),NOR,A,T_RS,PS,_Z,_Z,2017,57934.0,,,,,,0,,0
OECD.STI.STP:DSD_MSTI@DF_MSTI(1.3),NOR,A,T_RS,PS,_Z,_Z,2018,59629.0,,,,,,0,,0
OECD.STI.STP:DSD_MSTI@DF_MSTI(1.3),NOR,A,T_RS,PS,_Z,_Z,2019,61657.0,,,,,,0,,0
OECD.STI.STP:DSD_MSTI@DF_MSTI(1.3),NOR,A,T_RS,PS,_Z,_Z,2020,63103.0,,,,,,0,,0
OECD.STI.STP:DSD_MSTI@DF_MSTI(1.3),NOR,A,T_RS,PS,_Z,_Z,2021,66898.0,,,,,,0,,0
OECD.STI.STP:DSD_MSTI@DF_MSTI(1.3),NOR,A,T_RS,PS,_Z,_Z,2022,68602.0,,,,,,0,,0
OECD.STI.STP:DSD_MSTI@DF_MSTI(1.3),NOR,A,T_RS,PS,_Z,_Z,2023,69866.0,,,,,,0,,0
OECD.STI.STP:DSD_MSTI@DF_MSTI(1.3),POL,A,T_RS,PS,_Z,_Z,2000,88189.0,,,,,,0,,0
OECD.STI.STP:DSD_MSTI@DF_MSTI(1.3),POL,A,T_RS,PS,_Z,_Z,2001,89596.0,,,,,,0,,0
OECD.STI.STP:DSD_MSTI@DF_MSTI(1.3),POL,A,T_RS,PS,_Z,_Z,2002,90842.0,,,,,,0,,0
OECD.STI.STP:DSD_MSTI@DF_MSTI(1.3),POL,A,T_RS,PS,_Z,_Z,2003,94432.0,,,,,,0,,0
OECD.STI.STP:DSD_MSTI@DF_MSTI(1.3),POL,A,T_RS,PS,_Z,_Z,2004,96531.0,,,,,,0,,0
OECD.STI.STP:DSD_MSTI@DF_MSTI(1.3),POL,A,T_RS,PS,_Z,_Z,2005,97875.0,,,,,,0,,0
OECD.STI.STP:DSD_MSTI@DF_MSTI(1.3),POL,A,T_RS,PS,_Z,_Z,2006,96374.0,,,,,,0,,0
OECD.STI.STP:DSD_MSTI@DF_MSTI(1.3),POL,A,T_RS,PS,_Z,_Z,2007,97289.0,,,,,,0,,0
OECD.STI.STP:DSD_MSTI@DF_MSTI(1.3),POL,A,T_RS,PS,_Z,_Z,2008,97474.0,,,,,,0,,0
OECD.STI.STP:DSD_MSTI@DF_MSTI(1.3),POL,A,T_RS,PS,_Z,_Z,2009,98165.0,,,,,,0,,0
OECD.STI.STP:DSD_MSTI@DF_MSTI(1.3),POL,A,T_RS,PS,_Z,_Z,2010,100934.0,,,,,,0,,0
OECD.STI.STP:DSD_MSTI@DF_MSTI(1.3),POL,A,T_RS,PS,_Z,_Z,2011,100723.0,,,,,,0,,0
OECD.STI.STP:DSD_MSTI@DF_MSTI(1.3),POL,A,T_RS,PS,_Z,_Z,2012,103627.0,,,,,,0,,0
OECD.STI.STP:DSD_MSTI@DF_MSTI(1.3),POL,A,T_RS,PS,_Z,_Z,2013,109611.0,,,,,,0,,0
OECD.STI.STP:DSD_MSTI@DF_MSTI(1.3),POL,A,T_RS,PS,_Z,_Z,2014,115375.0,,,,,,0,,0
OECD.STI.STP:DSD_MSTI@DF_MSTI(1.3),POL,A,T_RS,PS,_Z,_Z,2015,118494.0,,,,,,0,,0
OECD.STI.STP:DSD_MSTI@DF_MSTI(1.3),POL,A,T_RS,PS,_Z,_Z,2016,132547.0,,,,,,0,,0
OECD.STI.STP:DSD_MSTI@DF_MSTI(1.3),SVN,A,T_RS,PS,_Z,_Z,2000,6562.0,,,,,,0,,0
OECD.STI.STP:DSD_MSTI@DF_MSTI(1.3),SVN,A,T_RS,PS,_Z,_Z,2001,6740.0,,,,,,0,,0
OECD.STI.STP:DSD_MSTI@DF_MSTI(1.3),SVN,A,T_RS,PS,_Z,_Z,2002,7027.0,,,,,,0,,0
OECD.STI.STP:DSD_MSTI@DF_MSTI(1.3),SVN,A,T_RS,PS,_Z,_Z,2003,5428.0,,,,,,0,,0
OECD.STI.STP:DSD_MSTI@DF_MSTI(1.3),SVN,A,T_RS,PS,_Z,_Z,2004,5842.0,,,,,,0,,0
OECD.STI.STP:DSD_MSTI@DF_MSTI(1.3),SVN,A,T_RS,PS,_Z,_Z,2005,7644.0,,,,,,0,,0
OECD.STI.STP:DSD_MSTI@DF_MSTI(1.3),SVN,A,T_RS,PS,_Z,_Z,2006,8270.0,,,,,,0,,0
OECD.STI.STP:DSD_MSTI@DF_MSTI(1.3),SVN,A,T_RS,PS,_Z,_Z,2007,8742.0,,,,,,0,,0
OECD.STI.STP:DSD_MSTI@DF_MSTI(1.3),SVN,A,T_RS,PS,_Z,_Z,2009,10444.0,,,,,,0,,0
OECD.STI.STP:DSD_MSTI@DF_MSTI(1.3),SVN,A,T_RS,PS,_Z,_Z,2010,11056.0,,,,,,0,,0
OECD.STI.STP:DSD_MSTI@DF_MSTI(1.3),SVN,A,T_RS,PS,_Z,_Z,2012,12362.0,,,,,,0,,0
OECD.STI.STP:DSD_MSTI@DF_MSTI(1.3),SVN,A,T_RS,PS,_Z,_Z,2013,12111.0,,,,,,0,,0
OECD.STI.STP:DSD_MSTI@DF_MSTI(1.3),SVN,A,T_RS,PS,_Z,_Z,2014,12155.0,,,,,,0,,0
OECD.STI.STP:DSD_MSTI@DF_MSTI(1.3),SVN,A,T_RS,PS,_Z,_Z,2015,11308.0,,,,,,0,,0
OECD.STI.STP:DSD_MSTI@DF_MSTI(1.3),SVN,A,T_RS,PS,_Z,_Z,2016,11282.0,,,,,,0,,0
OECD.STI.STP:DSD_MSTI@DF_MSTI(1.3),ESP,A,T_RS,PS,_Z,_Z,2001,140407.0,,,,,,0,,0
OECD.STI.STP:DSD_MSTI@DF_MSTI(1.3),ESP,A,T_RS,PS,_Z,_Z,2002,150098.0,,,,,,0,,0
OECD.STI.STP:DSD_MSTI@DF_MSTI(1.3),ESP,A,T_RS,PS,_Z,_Z,2003,158566.0,,,,,,0,,0
OECD.STI.STP:DSD_MSTI@DF_MSTI(1.3),ESP,A,T_RS,PS,_Z,_Z,2004,169971.0,,,,,,0,,0
OECD.STI.STP:DSD_MSTI@DF_MSTI(1.3),ESP,A,T_RS,PS,_Z,_Z,2005,181023.0,,,,,,0,,0
OECD.STI.STP:DSD_MSTI@DF_MSTI(1.3),ESP,A,T_RS,PS,_Z,_Z,2006,193024.0,,,,,,0,,0
OECD.STI.STP:DSD_MSTI@DF_MSTI(1.3),ESP,A,T_RS,PS,_Z,_Z,2007,206190.0,,,,,,0,,0
OECD.STI.STP:DSD_MSTI@DF_MSTI(1.3),SWE,A,T_RS,PS,_Z,_Z,2019,111179.0,,,,,,0,,0
OECD.STI.STP:DSD_MSTI@DF_MSTI(1.3),SWE,A,T_RS,PS,_Z,_Z,2021,119061.0,,,,,,0,,0
OECD.STI.STP:DSD_MSTI@DF_MSTI(1.3),SWE,A,T_RS,PS,_Z,_Z,2023,122963.0,,,,,,0,,0
OECD.STI.STP:DSD_MSTI@DF_MSTI(1.3),CHE,A,T_RS,PS,_Z,_Z,2000,44230.0,,,,,,0,,0
OECD.STI.STP:DSD_MSTI@DF_MSTI(1.3),CHE,A,T_RS,PS,_Z,_Z,2004,43220.0,,,,,,0,,0
OECD.STI.STP:DSD_MSTI@DF_MSTI(1.3),CHE,A,T_RS,PS,_Z,_Z,2008,45874.0,,,,,,0,,0
OECD.STI.STP:DSD_MSTI@DF_MSTI(1.3),CHE,A,T_RS,PS,_Z,_Z,2012,60279.0,,,,,,0,,0
OECD.STI.STP:DSD_MSTI@DF_MSTI(1.3),CHE,A,T_RS,PS,_Z,_Z,2015,71068.0,,,,,,0,,0
OECD.STI.STP:DSD_MSTI@DF_MSTI(1.3),CHE,A,T_RS,PS,_Z,_Z,2017,71858.0,,,,,,0,,0
OECD.STI.STP:DSD_MSTI@DF_MSTI(1.3),CHE,A,T_RS,PS,_Z,_Z,2019,77548.0,,,,,,0,,0
OECD.STI.STP:DSD_MSTI@DF_MSTI(1.3),CHE,A,T_RS,PS,_Z,_Z,2021,82832.0,,,,,,0,,0
OECD.STI.STP:DSD_MSTI@DF_MSTI(1.3),CHE,A,T_RS,PS,_Z,_Z,2023,86486.0,,,,,,0,,0
OECD.STI.STP:DSD_MSTI@DF_MSTI(1.3),TUR,A,T_RS,PS,_Z,_Z,2000,67512.0,,,,,,0,,0
OECD.STI.STP:DSD_MSTI@DF_MSTI(1.3),TUR,A,T_RS,PS,_Z,_Z,2001,67190.0,,,,,,0,,0
OECD.STI.STP:DSD_MSTI@DF_MSTI(1.3),TUR,A,T_RS,PS,_Z,_Z,2002,71288.0,,,,,,0,,0
OECD.STI.STP:DSD_MSTI@DF_MSTI(1.3),TUR,A,T_RS,PS,_Z,_Z,2003,74520.0,,,,,,0,,0
OECD.STI.STP:DSD_MSTI@DF_MSTI(1.3),TUR,A,T_RS,PS,_Z,_Z,2004,77110.0,,,,,,0,,0
OECD.STI.STP:DSD_MSTI@DF_MSTI(1.3),TUR,A,T_RS,PS,_Z,_Z,2005,83856.0,,,,,,0,,0
OECD.STI.STP:DSD_MSTI@DF_MSTI(1.3),TUR,A,T_RS,PS,_Z,_Z,2006,90118.0,,,,,,0,,0
OECD.STI.STP:DSD_MSTI@DF_MSTI(1.3),TUR,A,T_RS,PS,_Z,_Z,2007,101961.0,,,,,,0,,0
OECD.STI.STP:DSD_MSTI@DF_MSTI(1.3),TUR,A,T_RS,PS,_Z,_Z,2008,106423.0,,,,,,0,,0
OECD.STI.STP:DSD_MSTI@DF_MSTI(1.3),TUR,A,T_RS,PS,_Z,_Z,2009,114436.0,,,,,,0,,0
OECD.STI.STP:DSD_MSTI@DF_MSTI(1.3),TUR,A,T_RS,PS,_Z,_Z,2010,124796.0,,,,,,0,,0
OECD.STI.STP:DSD_MSTI@DF_MSTI(1.3),TUR,A,T_RS,PS,_Z,_Z,2011,137452.0,,,,,,0,,0
OECD.STI.STP:DSD_MSTI@DF_MSTI(1.3),TUR,A,T_RS,PS,_Z,_Z,2012,155133.0,,,,,,0,,0
OECD.STI.STP:DSD_MSTI@DF_MSTI(1.3),TUR,A,T_RS,PS,_Z,_Z,2013,166097.0,,,,,,0,,0
OECD.STI.STP:DSD_MSTI@DF_MSTI(1.3),TUR,A,T_RS,PS,_Z,_Z,2014,181544.0,,,,,,0,,0
OECD.STI.STP:DSD_MSTI@DF_MSTI(1.3),TUR,A,T_RS,PS,_Z,_Z,2015,175520.0,,,,,,0,,0
OECD.STI.STP:DSD_MSTI@DF_MSTI(1.3),TUR,A,T_RS,PS,_Z,_Z,2016,189225.0,,,,,,0,,0
OECD.STI.STP:DSD_MSTI@DF_MSTI(1.3),TUR,A,T_RS,PS,_Z,_Z,2017,204039.0,,,,,,0,,0
OECD.STI.STP:DSD_MSTI@DF_MSTI(1.3),TUR,A,T_RS,PS,_Z,_Z,2018,217014.0,,,,,,0,,0
OECD.STI.STP:DSD_MSTI@DF_MSTI(1.3),TUR,A,T_RS,PS,_Z,_Z,2019,233563.0,,,,,,0,,0
OECD.STI.STP:DSD_MSTI@DF_MSTI(1.3),TUR,A,T_RS,PS,_Z,_Z,2020,254029.0,,,,,,0,,0
OECD.STI.STP:DSD_MSTI@DF_MSTI(1.3),TUR,A,T_RS,PS,_Z,_Z,2021,277109.0,,,,,,0,,0
OECD.STI.STP:DSD_MSTI@DF_MSTI(1.3),TUR,A,T_RS,PS,_Z,_Z,2022,307519.0,,,,,,0,,0
OECD.STI.STP:DSD_MSTI@DF_MSTI(1.3),TUR,A,T_RS,PS,_Z,_Z,2023,323151.0,,,,,,0,,0
OECD.STI.STP:DSD_MSTI@DF_MSTI(1.3),TUR,A,T_RS,PS,_Z,_Z,2024,344650.0,,,,,,0,,0
OECD.STI.STP:DSD_MSTI@DF_MSTI(1.3),GBR,A,T_RS,PS,_Z,_Z,2011,429009.3872,,,,,,0,,0
OECD.STI.STP:DSD_MSTI@DF_MSTI(1.3),GBR,A,T_RS,PS,_Z,_Z,2013,466689.3,,,,,,0,,0
OECD.STI.STP:DSD_MSTI@DF_MSTI(1.3),ARG,A,T_RS,PS,_Z,_Z,2000,41741.0,,,,,,0,,0
OECD.STI.STP:DSD_MSTI@DF_MSTI(1.3),ARG,A,T_RS,PS,_Z,_Z,2001,40455.0,,,,,,0,,0
OECD.STI.STP:DSD_MSTI@DF_MSTI(1.3),ARG,A,T_RS,PS,_Z,_Z,2002,41356.0,,,,,,0,,0
OECD.STI.STP:DSD_MSTI@DF_MSTI(1.3),ARG,A,T_RS,PS,_Z,_Z,2003,43609.0,,,,,,0,,0
OECD.STI.STP:DSD_MSTI@DF_MSTI(1.3),ARG,A,T_RS,PS,_Z,_Z,2004,46167.0,,,,,,0,,0
OECD.STI.STP:DSD_MSTI@DF_MSTI(1.3),ARG,A,T_RS,PS,_Z,_Z,2005,49050.0,,,,,,0,,0
OECD.STI.STP:DSD_MSTI@DF_MSTI(1.3),ARG,A,T_RS,PS,_Z,_Z,2006,53537.0,,,,,,0,,0
OECD.STI.STP:DSD_MSTI@DF_MSTI(1.3),ARG,A,T_RS,PS,_Z,_Z,2007,59052.0,,,,,,0,,0
OECD.STI.STP:DSD_MSTI@DF_MSTI(1.3),ARG,A,T_RS,PS,_Z,_Z,2008,63927.0,,,,,,0,,0
OECD.STI.STP:DSD_MSTI@DF_MSTI(1.3),ARG,A,T_RS,PS,_Z,_Z,2015,82407.0,,,,,,0,,0
OECD.STI.STP:DSD_MSTI@DF_MSTI(1.3),ARG,A,T_RS,PS,_Z,_Z,2016,86562.0,,,,,,0,,0
OECD.STI.STP:DSD_MSTI@DF_MSTI(1.3),ARG,A,T_RS,PS,_Z,_Z,2017,84284.0,,,,,,0,,0
OECD.STI.STP:DSD_MSTI@DF_MSTI(1.3),ARG,A,T_RS,PS,_Z,_Z,2018,88872.0,,,,,,0,,0
OECD.STI.STP:DSD_MSTI@DF_MSTI(1.3),ARG,A,T_RS,PS,_Z,_Z,2019,90656.0,,,,,,0,,0
OECD.STI.STP:DSD_MSTI@DF_MSTI(1.3),ARG,A,T_RS,PS,_Z,_Z,2020,91243.0,,,,,,0,,0
OECD.STI.STP:DSD_MSTI@DF_MSTI(1.3),ARG,A,T_RS,PS,_Z,_Z,2021,94516.0,,,,,,0,,0
OECD.STI.STP:DSD_MSTI@DF_MSTI(1.3),ARG,A,T_RS,PS,_Z,_Z,2022,96562.0,,,,,,0,,0
OECD.STI.STP:DSD_MSTI@DF_MSTI(1.3),BGR,A,T_RS,PS,_Z,_Z,2000,10527.0,,,,,,0,,0
OECD.STI.STP:DSD_MSTI@DF_MSTI(1.3),BGR,A,T_RS,PS,_Z,_Z,2001,10446.0,,,,,,0,,0
OECD.STI.STP:DSD_MSTI@DF_MSTI(1.3),BGR,A,T_RS,PS,_Z,_Z,2002,10445.0,,,,,,0,,0
OECD.STI.STP:DSD_MSTI@DF_MSTI(1.3),BGR,A,T_RS,PS,_Z,_Z,2003,10876.0,,,,,,0,,0
OECD.STI.STP:DSD_MSTI@DF_MSTI(1.3),BGR,A,T_RS,PS,_Z,_Z,2004,11377.0,,,,,,0,,0
OECD.STI.STP:DSD_MSTI@DF_MSTI(1.3),BGR,A,T_RS,PS,_Z,_Z,2005,11920.0,,,,,,0,,0
OECD.STI.STP:DSD_MSTI@DF_MSTI(1.3),BGR,A,T_RS,PS,_Z,_Z,2006,12033.0,,,,,,0,,0
OECD.STI.STP:DSD_MSTI@DF_MSTI(1.3),BGR,A,T_RS,PS,_Z,_Z,2007,13090.0,,,,,,0,,0
OECD.STI.STP:DSD_MSTI@DF_MSTI(1.3),BGR,A,T_RS,PS,_Z,_Z,2008,13416.0,,,,,,0,,0
OECD.STI.STP:DSD_MSTI@DF_MSTI(1.3),BGR,A,T_RS,PS,_Z,_Z,2009,14699.0,,,,,,0,,0
OECD.STI.STP:DSD_MSTI@DF_MSTI(1.3),BGR,A,T_RS,PS,_Z,_Z,2010,14138.0,,,,,,0,,0
OECD.STI.STP:DSD_MSTI@DF_MSTI(1.3),BGR,A,T_RS,PS,_Z,_Z,2011,14794.0,,,,,,0,,0
OECD.STI.STP:DSD_MSTI@DF_MSTI(1.3),BGR,A,T_RS,PS,_Z,_Z,2012,15219.0,,,,,,0,,0
OECD.STI.STP:DSD_MSTI@DF_MSTI(1.3),BGR,A,T_RS,PS,_Z,_Z,2013,16095.0,,,,,,0,,0
OECD.STI.STP:DSD_MSTI@DF_MSTI(1.3),BGR,A,T_RS,PS,_Z,_Z,2014,17795.0,,,,,,0,,0
OECD.STI.STP:DSD_MSTI@DF_MSTI(1.3),BGR,A,T_RS,PS,_Z,_Z,2015,19338.0,,,,,,0,,0
OECD.STI.STP:DSD_MSTI@DF_MSTI(1.3),BGR,A,T_RS,PS,_Z,_Z,2016,21081.0,,,,,,0,,0
OECD.STI.STP:DSD_MSTI@DF_MSTI(1.3),BGR,A,T_RS,PS,_Z,_Z,2017,20971.0,,,,,,0,,0
OECD.STI.STP:DSD_MSTI@DF_MSTI(1.3),BGR,A,T_RS,PS,_Z,_Z,2018,22792.0,,,,,,0,,0
OECD.STI.STP:DSD_MSTI@DF_MSTI(1.3),BGR,A,T_RS,PS,_Z,_Z,2019,23171.0,,,,,,0,,0
OECD.STI.STP:DSD_MSTI@DF_MSTI(1.3),BGR,A,T_RS,PS,_Z,_Z,2020,23228.0,,,,,,0,,0
OECD.STI.STP:DSD_MSTI@DF_MSTI(1.3),BGR,A,T_RS,PS,_Z,_Z,2021,23234.0,,,,,,0,,0
OECD.STI.STP:DSD_MSTI@DF_MSTI(1.3),BGR,A,T_RS,PS,_Z,_Z,2022,24350.0,,,,,,0,,0
OECD.STI.STP:DSD_MSTI@DF_MSTI(1.3),CHN,A,T_RS,PS,_Z,_Z,2010,1747589.0,,,,,,0,,0
OECD.STI.STP:DSD_MSTI@DF_MSTI(1.3),CHN,A,T_RS,PS,_Z,_Z,2011,1905899.0,,,,,,0,,0
OECD.STI.STP:DSD_MSTI@DF_MSTI(1.3),CHN,A,T_RS,PS,_Z,_Z,2012,2069650.0,,,,,,0,,0
OECD.STI.STP:DSD_MSTI@DF_MSTI(1.3),HRV,A,T_RS,PS,_Z,_Z,2002,11136.0,,,,,,0,,0
OECD.STI.STP:DSD_MSTI@DF_MSTI(1.3),HRV,A,T_RS,PS,_Z,_Z,2003,11464.0,,,,,,0,,0
OECD.STI.STP:DSD_MSTI@DF_MSTI(1.3),HRV,A,T_RS,PS,_Z,_Z,2004,13139.0,,,,,,0,,0
OECD.STI.STP:DSD_MSTI@DF_MSTI(1.3),HRV,A,T_RS,PS,_Z,_Z,2005,10367.0,,,,,,0,,0
OECD.STI.STP:DSD_MSTI@DF_MSTI(1.3),HRV,A,T_RS,PS,_Z,_Z,2006,10428.0,,,,,,0,,0
OECD.STI.STP:DSD_MSTI@DF_MSTI(1.3),HRV,A,T_RS,PS,_Z,_Z,2007,11109.0,,,,,,0,,0
OECD.STI.STP:DSD_MSTI@DF_MSTI(1.3),HRV,A,T_RS,PS,_Z,_Z,2008,11915.0,,,,,,0,,0
OECD.STI.STP:DSD_MSTI@DF_MSTI(1.3),HRV,A,T_RS,PS,_Z,_Z,2009,12108.0,,,,,,0,,0
OECD.STI.STP:DSD_MSTI@DF_MSTI(1.3),HRV,A,T_RS,PS,_Z,_Z,2010,12527.0,,,,,,0,,0
OECD.STI.STP:DSD_MSTI@DF_MSTI(1.3),HRV,A,T_RS,PS,_Z,_Z,2011,11454.0,,,,,,0,,0
OECD.STI.STP:DSD_MSTI@DF_MSTI(1.3),HRV,A,T_RS,PS,_Z,_Z,2012,11402.0,,,,,,0,,0
OECD.STI.STP:DSD_MSTI@DF_MSTI(1.3),HRV,A,T_RS,PS,_Z,_Z,2013,11168.0,,,,,,0,,0
OECD.STI.STP:DSD_MSTI@DF_MSTI(1.3),HRV,A,T_RS,PS,_Z,_Z,2014,10726.0,,,,,,0,,0
OECD.STI.STP:DSD_MSTI@DF_MSTI(1.3),HRV,A,T_RS,PS,_Z,_Z,2015,11089.0,,,,,,0,,0
OECD.STI.STP:DSD_MSTI@DF_MSTI(1.3),HRV,A,T_RS,PS,_Z,_Z,2016,12951.0,,,,,,0,,0
OECD.STI.STP:DSD_MSTI@DF_MSTI(1.3),HRV,A,T_RS,PS,_Z,_Z,2017,13708.0,,,,,,0,,0
OECD.STI.STP:DSD_MSTI@DF_MSTI(1.3),HRV,A,T_RS,PS,_Z,_Z,2018,13958.0,,,,,,0,,0
OECD.STI.STP:DSD_MSTI@DF_MSTI(1.3),HRV,A,T_RS,PS,_Z,_Z,2019,15653.0,,,,,,0,,0
OECD.STI.STP:DSD_MSTI@DF_MSTI(1.3),HRV,A,T_RS,PS,_Z,_Z,2020,16027.0,,,,,,0,,0
OECD.STI.STP:DSD_MSTI@DF_MSTI(1.3),HRV,A,T_RS,PS,_Z,_Z,2021,16879.0,,,,,,0,,0
OECD.STI.STP:DSD_MSTI@DF_MSTI(1.3),HRV,A,T_RS,PS,_Z,_Z,2022,17421.0,,,,,,0,,0
OECD.STI.STP:DSD_MSTI@DF_MSTI(1.3),ROU,A,T_RS,PS,_Z,_Z,2000,23179.0,,,,,,0,,0
OECD.STI.STP:DSD_MSTI@DF_MSTI(1.3),ROU,A,T_RS,PS,_Z,_Z,2001,23597.0,,,,,,0,,0
OECD.STI.STP:DSD_MSTI@DF_MSTI(1.3),ROU,A,T_RS,PS,_Z,_Z,2002,24636.0,,,,,,0,,0
OECD.STI.STP:DSD_MSTI@DF_MSTI(1.3),ROU,A,T_RS,PS,_Z,_Z,2003,25968.0,,,,,,0,,0
OECD.STI.STP:DSD_MSTI@DF_MSTI(1.3),ROU,A,T_RS,PS,_Z,_Z,2004,27253.0,,,,,,0,,0
OECD.STI.STP:DSD_MSTI@DF_MSTI(1.3),ROU,A,T_RS,PS,_Z,_Z,2005,29608.0,,,,,,0,,0
OECD.STI.STP:DSD_MSTI@DF_MSTI(1.3),ROU,A,T_RS,PS,_Z,_Z,2006,28637.0,,,,,,0,,0
OECD.STI.STP:DSD_MSTI@DF_MSTI(1.3),ROU,A,T_RS,PS,_Z,_Z,2007,30740.0,,,,,,0,,0
OECD.STI.STP:DSD_MSTI@DF_MSTI(1.3),ROU,A,T_RS,PS,_Z,_Z,2008,30864.0,,,,,,0,,0
OECD.STI.STP:DSD_MSTI@DF_MSTI(1.3),ROU,A,T_RS,PS,_Z,_Z,2009,30645.0,,,,,,0,,0
OECD.STI.STP:DSD_MSTI@DF_MSTI(1.3),ROU,A,T_RS,PS,_Z,_Z,2010,30707.0,,,,,,0,,0
OECD.STI.STP:DSD_MSTI@DF_MSTI(1.3),ROU,A,T_RS,PS,_Z,_Z,2012,27838.0,,,,,,0,,0
OECD.STI.STP:DSD_MSTI@DF_MSTI(1.3),ROU,A,T_RS,PS,_Z,_Z,2013,27600.0,,,,,,0,,0
OECD.STI.STP:DSD_MSTI@DF_MSTI(1.3),ROU,A,T_RS,PS,_Z,_Z,2014,27535.0,,,,,,0,,0
OECD.STI.STP:DSD_MSTI@DF_MSTI(1.3),ROU,A,T_RS,PS,_Z,_Z,2015,27253.0,,,,,,0,,0
OECD.STI.STP:DSD_MSTI@DF_MSTI(1.3),ROU,A,T_RS,PS,_Z,_Z,2016,27801.0,,,,,,0,,0
OECD.STI.STP:DSD_MSTI@DF_MSTI(1.3),ROU,A,T_RS,PS,_Z,_Z,2017,27367.0,,,,,,0,,0
OECD.STI.STP:DSD_MSTI@DF_MSTI(1.3),ROU,A,T_RS,PS,_Z,_Z,2018,27471.0,,,,,,0,,0
OECD.STI.STP:DSD_MSTI@DF_MSTI(1.3),ROU,A,T_RS,PS,_Z,_Z,2019,27168.0,,,,,,0,,0
OECD.STI.STP:DSD_MSTI@DF_MSTI(1.3),ROU,A,T_RS,PS,_Z,_Z,2020,28090.0,,,,,,0,,0
OECD.STI.STP:DSD_MSTI@DF_MSTI(1.3),ROU,A,T_RS,PS,_Z,_Z,2021,29347.0,,,,,,0,,0
OECD.STI.STP:DSD_MSTI@DF_MSTI(1.3),ROU,A,T_RS,PS,_Z,_Z,2022,29837.0,,,,,,0,,0
OECD.STI.STP:DSD_MSTI@DF_MSTI(1.3),RUS,A,T_RS,PS,_Z,_Z,2019,348221.0,,,,,,0,,0
OECD.STI.STP:DSD_MSTI@DF_MSTI(1.3),RUS,A,T_RS,PS,_Z,_Z,2020,346497.0,,,,,,0,,0
OECD.STI.STP:DSD_MSTI@DF_MSTI(1.3),SGP,A,T_RS,PS,_Z,_Z,2000,20800.0,,,,,,0,,0
OECD.STI.STP:DSD_MSTI@DF_MSTI(1.3),SGP,A,T_RS,PS,_Z,_Z,2001,20645.0,,,,,,0,,0
OECD.STI.STP:DSD_MSTI@DF_MSTI(1.3),SGP,A,T_RS,PS,_Z,_Z,2002,21531.0,,,,,,0,,0
OECD.STI.STP:DSD_MSTI@DF_MSTI(1.3),SGP,A,T_RS,PS,_Z,_Z,2003,23513.0,,,,,,0,,0
OECD.STI.STP:DSD_MSTI@DF_MSTI(1.3),SGP,A,T_RS,PS,_Z,_Z,2004,25251.0,,,,,,0,,0
OECD.STI.STP:DSD_MSTI@DF_MSTI(1.3),SGP,A,T_RS,PS,_Z,_Z,2005,27969.0,,,,,,0,,0
OECD.STI.STP:DSD_MSTI@DF_MSTI(1.3),SGP,A,T_RS,PS,_Z,_Z,2006,29478.0,,,,,,0,,0
OECD.STI.STP:DSD_MSTI@DF_MSTI(1.3),SGP,A,T_RS,PS,_Z,_Z,2007,31657.0,,,,,,0,,0
OECD.STI.STP:DSD_MSTI@DF_MSTI(1.3),SGP,A,T_RS,PS,_Z,_Z,2008,33363.0,,,,,,0,,0
OECD.STI.STP:DSD_MSTI@DF_MSTI(1.3),SGP,A,T_RS,PS,_Z,_Z,2009,34384.0,,,,,,0,,0
OECD.STI.STP:DSD_MSTI@DF_MSTI(1.3),SGP,A,T_RS,PS,_Z,_Z,2010,36556.0,,,,,,0,,0
OECD.STI.STP:DSD_MSTI@DF_MSTI(1.3),SGP,A,T_RS,PS,_Z,_Z,2011,38006.0,,,,,,0,,0
OECD.STI.STP:DSD_MSTI@DF_MSTI(1.3),SGP,A,T_RS,PS,_Z,_Z,2012,38421.0,,,,,,0,,0
OECD.STI.STP:DSD_MSTI@DF_MSTI(1.3),SGP,A,T_RS,PS,_Z,_Z,2013,40358.0,,,,,,0,,0
OECD.STI.STP:DSD_MSTI@DF_MSTI(1.3),SGP,A,T_RS,PS,_Z,_Z,2014,40699.0,,,,,,0,,0
OECD.STI.STP:DSD_MSTI@DF_MSTI(1.3),SGP,A,T_RS,PS,_Z,_Z,2015,43159.0,,,,,,0,,0
OECD.STI.STP:DSD_MSTI@DF_MSTI(1.3),SGP,A,T_RS,PS,_Z,_Z,2016,43177.0,,,,,,0,,0
OECD.STI.STP:DSD_MSTI@DF_MSTI(1.3),SGP,A,T_RS,PS,_Z,_Z,2017,42838.0,,,,,,0,,0
OECD.STI.STP:DSD_MSTI@DF_MSTI(1.3),SGP,A,T_RS,PS,_Z,_Z,2018,43329.0,,,,,,0,,0
OECD.STI.STP:DSD_MSTI@DF_MSTI(1.3),SGP,A,T_RS,PS,_Z,_Z,2019,46330.0,,,,,,0,,0
OECD.STI.STP:DSD_MSTI@DF_MSTI(1.3),SGP,A,T_RS,PS,_Z,_Z,2020,46115.0,,,,,,0,,0
OECD.STI.STP:DSD_MSTI@DF_MSTI(1.3),SGP,A,T_RS,PS,_Z,_Z,2021,47505.0,,,,,,0,,0
OECD.STI.STP:DSD_MSTI@DF_MSTI(1.3),SGP,A,T_RS,PS,_Z,_Z,2022,51725.0,,,,,,0,,0
OECD.STI.STP:DSD_MSTI@DF_MSTI(1.3),SGP,A,T_RS,PS,_Z,_Z,2023,53317.0,,,,,,0,,0
OECD.STI.STP:DSD_MSTI@DF_MSTI(1.3),ZAF,A,T_RS,PS,_Z,_Z,2001,26913.0,,,,,,0,,0
OECD.STI.STP:DSD_MSTI@DF_MSTI(1.3),ZAF,A,T_RS,PS,_Z,_Z,2003,30707.0,,,,,,0,,0
OECD.STI.STP:DSD_MSTI@DF_MSTI(1.3),ZAF,A,T_RS,PS,_Z,_Z,2004,37001.0,,,,,,0,,0
OECD.STI.STP:DSD_MSTI@DF_MSTI(1.3),ZAF,A,T_RS,PS,_Z,_Z,2005,39266.0,,,,,,0,,0
OECD.STI.STP:DSD_MSTI@DF_MSTI(1.3),ZAF,A,T_RS,PS,_Z,_Z,2006,39591.0,,,,,,0,,0
OECD.STI.STP:DSD_MSTI@DF_MSTI(1.3),ZAF,A,T_RS,PS,_Z,_Z,2007,40084.0,,,,,,0,,0
OECD.STI.STP:DSD_MSTI@DF_MSTI(1.3),ZAF,A,T_RS,PS,_Z,_Z,2008,39955.0,,,,,,0,,0
OECD.STI.STP:DSD_MSTI@DF_MSTI(1.3),ZAF,A,T_RS,PS,_Z,_Z,2009,40797.0,,,,,,0,,0
OECD.STI.STP:DSD_MSTI@DF_MSTI(1.3),ZAF,A,T_RS,PS,_Z,_Z,2010,37901.0,,,,,,0,,0
OECD.STI.STP:DSD_MSTI@DF_MSTI(1.3),ZAF,A,T_RS,PS,_Z,_Z,2011,40653.0,,,,,,0,,0
OECD.STI.STP:DSD_MSTI@DF_MSTI(1.3),ZAF,A,T_RS,PS,_Z,_Z,2012,42828.0,,,,,,0,,0
OECD.STI.STP:DSD_MSTI@DF_MSTI(1.3),ZAF,A,T_RS,PS,_Z,_Z,2013,45935.0,,,,,,0,,0
OECD.STI.STP:DSD_MSTI@DF_MSTI(1.3),ZAF,A,T_RS,PS,_Z,_Z,2014,48479.0,,,,,,0,,0
OECD.STI.STP:DSD_MSTI@DF_MSTI(1.3),ZAF,A,T_RS,PS,_Z,_Z,2015,51877.0,,,,,,0,,0
OECD.STI.STP:DSD_MSTI@DF_MSTI(1.3),ZAF,A,T_RS,PS,_Z,_Z,2016,56761.0,,,,,,0,,0
OECD.STI.STP:DSD_MSTI@DF_MSTI(1.3),ZAF,A,T_RS,PS,_Z,_Z,2017,61840.0,,,,,,0,,0
OECD.STI.STP:DSD_MSTI@DF_MSTI(1.3),ZAF,A,T_RS,PS,_Z,_Z,2018,62166.0,,,,,,0,,0
OECD.STI.STP:DSD_MSTI@DF_MSTI(1.3),ZAF,A,T_RS,PS,_Z,_Z,2019,62002.0,,,,,,0,,0
OECD.STI.STP:DSD_MSTI@DF_MSTI(1.3),ZAF,A,T_RS,PS,_Z,_Z,2020,61406.0,,,,,,0,,0
OECD.STI.STP:DSD_MSTI@DF_MSTI(1.3),ZAF,A,T_RS,PS,_Z,_Z,2021,63122.0,,,,,,0,,0
OECD.STI.STP:DSD_MSTI@DF_MSTI(1.3),ZAF,A,T_RS,PS,_Z,_Z,2022,61547.0,,,,,,0,,0
OECD.STI.STP:DSD_MSTI@DF_MSTI(1.3),ZAF,A,T_RS,PS,_Z,_Z,2023,66387.0,,,,,,0,,0
OECD.STI.STP:DSD_MSTI@DF_MSTI(1.3),TWN,A,T_RS,PS,_Z,_Z,2004,108890.7943,,,,,,0,,0
OECD.STI.STP:DSD_MSTI@DF_MSTI(1.3),TWN,A,T_RS,PS,_Z,_Z,2005,115953.5962,,,,,,0,,0
OECD.STI.STP:DSD_MSTI@DF_MSTI(1.3),TWN,A,T_RS,PS,_Z,_Z,2006,126167.6541,,,,,,0,,0
OECD.STI.STP:DSD_MSTI@DF_MSTI(1.3),TWN,A,T_RS,PS,_Z,_Z,2007,136248.9023,,,,,,0,,0
OECD.STI.STP:DSD_MSTI@DF_MSTI(1.3),TWN,A,T_RS,PS,_Z,_Z,2008,143835.9951,,,,,,0,,0
OECD.STI.STP:DSD_MSTI@DF_MSTI(1.3),TWN,A,T_RS,PS,_Z,_Z,2009,154948.6734,,,,,,0,,0
OECD.STI.STP:DSD_MSTI@DF_MSTI(1.3),TWN,A,T_RS,PS,_Z,_Z,2010,165369.7472,,,,,,0,,0
OECD.STI.STP:DSD_MSTI@DF_MSTI(1.3),TWN,A,T_RS,PS,_Z,_Z,2011,174340.8565,,,,,,0,,0
OECD.STI.STP:DSD_MSTI@DF_MSTI(1.3),TWN,A,T_RS,PS,_Z,_Z,2012,179490.643,,,,,,0,,0
OECD.STI.STP:DSD_MSTI@DF_MSTI(1.3),TWN,A,T_RS,PS,_Z,_Z,2013,179974.8254,,,,,,0,,0
OECD.STI.STP:DSD_MSTI@DF_MSTI(1.3),TWN,A,T_RS,PS,_Z,_Z,2014,181588.8883,,,,,,0,,0
OECD.STI.STP:DSD_MSTI@DF_MSTI(1.3),TWN,A,T_RS,PS,_Z,_Z,2015,183021.7976,,,,,,0,,0
OECD.STI.STP:DSD_MSTI@DF_MSTI(1.3),TWN,A,T_RS,PS,_Z,_Z,2016,184898.0608,,,,,,0,,0
OECD.STI.STP:DSD_MSTI@DF_MSTI(1.3),TWN,A,T_RS,PS,_Z,_Z,2017,187970.7579,,,,,,0,,0
OECD.STI.STP:DSD_MSTI@DF_MSTI(1.3),TWN,A,T_RS,PS,_Z,_Z,2018,193034.6658,,,,,,0,,0
OECD.STI.STP:DSD_MSTI@DF_MSTI(1.3),TWN,A,T_RS,PS,_Z,_Z,2019,199144.0585,,,,,,0,,0
OECD.STI.STP:DSD_MSTI@DF_MSTI(1.3),TWN,A,T_RS,PS,_Z,_Z,2020,203970.4851,,,,,,0,,0
OECD.STI.STP:DSD_MSTI@DF_MSTI(1.3),TWN,A,T_RS,PS,_Z,_Z,2021,208660.0856,,,,,,0,,0
OECD.STI.STP:DSD_MSTI@DF_MSTI(1.3),TWN,A,T_RS,PS,_Z,_Z,2022,213125.7768,,,,,,0,,0
OECD.STI.STP:DSD_MSTI@DF_MSTI(1.3),TWN,A,T_RS,PS,_Z,_Z,2023,218123.0619,,,,,,0,,0
OECD.STI.STP:DSD_MSTI@DF_MSTI(1.3),TWN,A,T_RS,PS,_Z,_Z,2024,224316.9042,,,,,,0,,0
OECD.STI.STP:DSD_MSTI@DF_MSTI(1.3),AUS,A,G,USD_PPP_PS,_Z,_Z,2000,417.1719333,,,,,,0,,0
OECD.STI.STP:DSD_MSTI@DF_MSTI(1.3),AUS,A,G,USD_PPP_PS,_Z,_Z,2002,507.062896,,,,,,0,,0
OECD.STI.STP:DSD_MSTI@DF_MSTI(1.3),AUS,A,G,USD_PPP_PS,_Z,_Z,2004,586.9982524,,,,,,0,,0
OECD.STI.STP:DSD_MSTI@DF_MSTI(1.3),AUS,A,G,USD_PPP_PS,_Z,_Z,2006,758.8183337,,,,,,0,,0
OECD.STI.STP:DSD_MSTI@DF_MSTI(1.3),AUS,A,G,USD_PPP_PS,_Z,_Z,2008,900.4104669,,,,,,0,,0
OECD.STI.STP:DSD_MSTI@DF_MSTI(1.3),AUT,A,G,USD_PPP_PS,_Z,_Z,2002,644.1348587,,,,,,0,,0
OECD.STI.STP:DSD_MSTI@DF_MSTI(1.3),AUT,A,G,USD_PPP_PS,_Z,_Z,2004,731.7270281,,,,,,0,,0
OECD.STI.STP:DSD_MSTI@DF_MSTI(1.3),AUT,A,G,USD_PPP_PS,_Z,_Z,2006,888.4131042,,,,,,0,,0
OECD.STI.STP:DSD_MSTI@DF_MSTI(1.3),AUT,A,G,USD_PPP_PS,_Z,_Z,2007,953.8194508,,,,,,0,,0
OECD.STI.STP:DSD_MSTI@DF_MSTI(1.3),AUT,A,G,USD_PPP_PS,_Z,_Z,2009,1063.293811,,,,,,0,,0
OECD.STI.STP:DSD_MSTI@DF_MSTI(1.3),AUT,A,G,USD_PPP_PS,_Z,_Z,2011,1186.738129,,,,,,0,,0
OECD.STI.STP:DSD_MSTI@DF_MSTI(1.3),AUT,A,G,USD_PPP_PS,_Z,_Z,2013,1416.484857,,,,,,0,,0
OECD.STI.STP:DSD_MSTI@DF_MSTI(1.3),AUT,A,G,USD_PPP_PS,_Z,_Z,2015,1523.082205,,,,,,0,,0
OECD.STI.STP:DSD_MSTI@DF_MSTI(1.3),AUT,A,G,USD_PPP_PS,_Z,_Z,2017,1656.295759,,,,,,0,,0
OECD.STI.STP:DSD_MSTI@DF_MSTI(1.3),AUT,A,G,USD_PPP_PS,_Z,_Z,2019,1898.079615,,,,,,0,,0
OECD.STI.STP:DSD_MSTI@DF_MSTI(1.3),AUT,A,G,USD_PPP_PS,_Z,_Z,2021,2051.024123,,,,,,0,,0
OECD.STI.STP:DSD_MSTI@DF_MSTI(1.3),AUT,A,G,USD_PPP_PS,_Z,_Z,2023,2394.273954,,,,,,0,,0
OECD.STI.STP:DSD_MSTI@DF_MSTI(1.3),BEL,A,G,USD_PPP_PS,_Z,_Z,2000,538.1495407,,,,,,0,,0
OECD.STI.STP:DSD_MSTI@DF_MSTI(1.3),BEL,A,G,USD_PPP_PS,_Z,_Z,2001,585.3106902,,,,,,0,,0
OECD.STI.STP:DSD_MSTI@DF_MSTI(1.3),BEL,A,G,USD_PPP_PS,_Z,_Z,2002,576.3463694,,,,,,0,,0
OECD.STI.STP:DSD_MSTI@DF_MSTI(1.3),BEL,A,G,USD_PPP_PS,_Z,_Z,2003,569.4951183,,,,,,0,,0
OECD.STI.STP:DSD_MSTI@DF_MSTI(1.3),BEL,A,G,USD_PPP_PS,_Z,_Z,2004,583.6504622,,,,,,0,,0
OECD.STI.STP:DSD_MSTI@DF_MSTI(1.3),BEL,A,G,USD_PPP_PS,_Z,_Z,2005,594.086449,,,,,,0,,0
OECD.STI.STP:DSD_MSTI@DF_MSTI(1.3),BEL,A,G,USD_PPP_PS,_Z,_Z,2006,642.5230429,,,,,,0,,0
OECD.STI.STP:DSD_MSTI@DF_MSTI(1.3),BEL,A,G,USD_PPP_PS,_Z,_Z,2007,680.7648839,,,,,,0,,0
OECD.STI.STP:DSD_MSTI@DF_MSTI(1.3),BEL,A,G,USD_PPP_PS,_Z,_Z,2008,733.7373858,,,,,,0,,0
OECD.STI.STP:DSD_MSTI@DF_MSTI(1.3),BEL,A,G,USD_PPP_PS,_Z,_Z,2010,821.2186913,,,,,,0,,0
OECD.STI.STP:DSD_MSTI@DF_MSTI(1.3),BEL,A,G,USD_PPP_PS,_Z,_Z,2011,889.8074973,,,,,,0,,0
OECD.STI.STP:DSD_MSTI@DF_MSTI(1.3),BEL,A,G,USD_PPP_PS,_Z,_Z,2012,964.7139562,,,,,,0,,0
OECD.STI.STP:DSD_MSTI@DF_MSTI(1.3),BEL,A,G,USD_PPP_PS,_Z,_Z,2013,1017.854407,,,,,,0,,0
OECD.STI.STP:DSD_MSTI@DF_MSTI(1.3),BEL,A,G,USD_PPP_PS,_Z,_Z,2014,1064.837255,,,,,,0,,0
OECD.STI.STP:DSD_MSTI@DF_MSTI(1.3),BEL,A,G,USD_PPP_PS,_Z,_Z,2015,1121.833537,,,,,,0,,0
OECD.STI.STP:DSD_MSTI@DF_MSTI(1.3),BEL,A,G,USD_PPP_PS,_Z,_Z,2016,1226.297864,,,,,,0,,0
OECD.STI.STP:DSD_MSTI@DF_MSTI(1.3),BEL,A,G,USD_PPP_PS,_Z,_Z,2017,1345.119161,,,,,,0,,0
OECD.STI.STP:DSD_MSTI@DF_MSTI(1.3),BEL,A,G,USD_PPP_PS,_Z,_Z,2018,1502.460966,,,,,,0,,0
OECD.STI.STP:DSD_MSTI@DF_MSTI(1.3),BEL,A,G,USD_PPP_PS,_Z,_Z,2019,1787.312607,,,,,,0,,0
OECD.STI.STP:DSD_MSTI@DF_MSTI(1.3),BEL,A,G,USD_PPP_PS,_Z,_Z,2020,1890.239089,,,,,,0,,0
OECD.STI.STP:DSD_MSTI@DF_MSTI(1.3),BEL,A,G,USD_PPP_PS,_Z,_Z,2021,2066.308988,,,,,,0,,0
OECD.STI.STP:DSD_MSTI@DF_MSTI(1.3),BEL,A,G,USD_PPP_PS,_Z,_Z,2022,2209.287154,,,,,,0,,0
OECD.STI.STP:DSD_MSTI@DF_MSTI(1.3),BEL,A,G,USD_PPP_PS,_Z,_Z,2023,2354.317656,,,,,,0,,0
OECD.STI.STP:DSD_MSTI@DF_MSTI(1.3),CAN,A,G,USD_PPP_PS,_Z,_Z,2000,545.4239111,,,,,,0,,0
OECD.STI.STP:DSD_MSTI@DF_MSTI(1.3),CAN,A,G,USD_PPP_PS,_Z,_Z,2001,611.2229384,,,,,,0,,0
OECD.STI.STP:DSD_MSTI@DF_MSTI(1.3),CAN,A,G,USD_PPP_PS,_Z,_Z,2002,610.5173045,,,,,,0,,0
OECD.STI.STP:DSD_MSTI@DF_MSTI(1.3),CAN,A,G,USD_PPP_PS,_Z,_Z,2003,636.5860192,,,,,,0,,0
OECD.STI.STP:DSD_MSTI@DF_MSTI(1.3),CAN,A,G,USD_PPP_PS,_Z,_Z,2004,677.6843842,,,,,,0,,0
OECD.STI.STP:DSD_MSTI@DF_MSTI(1.3),CAN,A,G,USD_PPP_PS,_Z,_Z,2005,716.1293413,,,,,,0,,0
OECD.STI.STP:DSD_MSTI@DF_MSTI(1.3),CAN,A,G,USD_PPP_PS,_Z,_Z,2006,740.7372525,,,,,,0,,0
OECD.STI.STP:DSD_MSTI@DF_MSTI(1.3),CAN,A,G,USD_PPP_PS,_Z,_Z,2007,753.3015948,,,,,,0,,0
OECD.STI.STP:DSD_MSTI@DF_MSTI(1.3),CAN,A,G,USD_PPP_PS,_Z,_Z,2008,749.290939,,,,,,0,,0
OECD.STI.STP:DSD_MSTI@DF_MSTI(1.3),CAN,A,G,USD_PPP_PS,_Z,_Z,2009,745.1701179,,,,,,0,,0
OECD.STI.STP:DSD_MSTI@DF_MSTI(1.3),CAN,A,G,USD_PPP_PS,_Z,_Z,2010,731.897915,,,,,,0,,0
OECD.STI.STP:DSD_MSTI@DF_MSTI(1.3),CAN,A,G,USD_PPP_PS,_Z,_Z,2011,744.6451662,,,,,,0,,0
OECD.STI.STP:DSD_MSTI@DF_MSTI(1.3),CAN,A,G,USD_PPP_PS,_Z,_Z,2013,755.8835927,,,,,,0,,0
OECD.STI.STP:DSD_MSTI@DF_MSTI(1.3),CAN,A,G,USD_PPP_PS,_Z,_Z,2015,756.4959098,,,,,,0,,0
OECD.STI.STP:DSD_MSTI@DF_MSTI(1.3),CAN,A,G,USD_PPP_PS,_Z,_Z,2016,803.4894413,,,,,,0,,0
OECD.STI.STP:DSD_MSTI@DF_MSTI(1.3),CAN,A,G,USD_PPP_PS,_Z,_Z,2017,815.1233259,,,,,,0,,0
OECD.STI.STP:DSD_MSTI@DF_MSTI(1.3),CAN,A,G,USD_PPP_PS,_Z,_Z,2018,868.2953129,,,,,,0,,0
OECD.STI.STP:DSD_MSTI@DF_MSTI(1.3),CAN,A,G,USD_PPP_PS,_Z,_Z,2019,886.649026,,,,,,0,,0
OECD.STI.STP:DSD_MSTI@DF_MSTI(1.3),CAN,A,G,USD_PPP_PS,_Z,_Z,2020,939.8102742,,,,,,0,,0
OECD.STI.STP:DSD_MSTI@DF_MSTI(1.3),CAN,A,G,USD_PPP_PS,_Z,_Z,2021,1066.174559,,,,,,0,,0
OECD.STI.STP:DSD_MSTI@DF_MSTI(1.3),CAN,A,G,USD_PPP_PS,_Z,_Z,2022,1184.70093,,,,,,0,,0
OECD.STI.STP:DSD_MSTI@DF_MSTI(1.3),CAN,A,G,USD_PPP_PS,_Z,_Z,2023,1257.333015,,,,,,0,,0
OECD.STI.STP:DSD_MSTI@DF_MSTI(1.3),CHL,A,G,USD_PPP_PS,_Z,_Z,2007,52.2307022,,,,,,0,,0
OECD.STI.STP:DSD_MSTI@DF_MSTI(1.3),CHL,A,G,USD_PPP_PS,_Z,_Z,2008,61.67222049,,,,,,0,,0
OECD.STI.STP:DSD_MSTI@DF_MSTI(1.3),CHL,A,G,USD_PPP_PS,_Z,_Z,2010,59.8337068,,,,,,0,,0
OECD.STI.STP:DSD_MSTI@DF_MSTI(1.3),CHL,A,G,USD_PPP_PS,_Z,_Z,2011,71.40706438,,,,,,0,,0
OECD.STI.STP:DSD_MSTI@DF_MSTI(1.3),CHL,A,G,USD_PPP_PS,_Z,_Z,2012,77.70924818,,,,,,0,,0
OECD.STI.STP:DSD_MSTI@DF_MSTI(1.3),CHL,A,G,USD_PPP_PS,_Z,_Z,2013,87.02134622,,,,,,0,,0
OECD.STI.STP:DSD_MSTI@DF_MSTI(1.3),CHL,A,G,USD_PPP_PS,_Z,_Z,2015,86.40957628,,,,,,0,,0
OECD.STI.STP:DSD_MSTI@DF_MSTI(1.3),CHL,A,G,USD_PPP_PS,_Z,_Z,2017,87.33999898,,,,,,0,,0
OECD.STI.STP:DSD_MSTI@DF_MSTI(1.3),CHL,A,G,USD_PPP_PS,_Z,_Z,2022,119.5831243,,,,,,0,,0
OECD.STI.STP:DSD_MSTI@DF_MSTI(1.3),COL,A,G,USD_PPP_PS,_Z,_Z,2003,13.61691543,,,,,,0,,0
OECD.STI.STP:DSD_MSTI@DF_MSTI(1.3),COL,A,G,USD_PPP_PS,_Z,_Z,2004,14.11936606,,,,,,0,,0
OECD.STI.STP:DSD_MSTI@DF_MSTI(1.3),COL,A,G,USD_PPP_PS,_Z,_Z,2005,14.36474321,,,,,,0,,0
OECD.STI.STP:DSD_MSTI@DF_MSTI(1.3),COL,A,G,USD_PPP_PS,_Z,_Z,2006,15.49563662,,,,,,0,,0
OECD.STI.STP:DSD_MSTI@DF_MSTI(1.3),COL,A,G,USD_PPP_PS,_Z,_Z,2007,18.72438609,,,,,,0,,0
OECD.STI.STP:DSD_MSTI@DF_MSTI(1.3),COL,A,G,USD_PPP_PS,_Z,_Z,2008,20.81416308,,,,,,0,,0
OECD.STI.STP:DSD_MSTI@DF_MSTI(1.3),COL,A,G,USD_PPP_PS,_Z,_Z,2009,20.74553849,,,,,,0,,0
OECD.STI.STP:DSD_MSTI@DF_MSTI(1.3),COL,A,G,USD_PPP_PS,_Z,_Z,2010,21.69290137,,,,,,0,,0
OECD.STI.STP:DSD_MSTI@DF_MSTI(1.3),COL,A,G,USD_PPP_PS,_Z,_Z,2011,24.02513748,,,,,,0,,0
OECD.STI.STP:DSD_MSTI@DF_MSTI(1.3),COL,A,G,USD_PPP_PS,_Z,_Z,2012,27.71295098,,,,,,0,,0
OECD.STI.STP:DSD_MSTI@DF_MSTI(1.3),COL,A,G,USD_PPP_PS,_Z,_Z,2013,34.17418108,,,,,,0,,0
OECD.STI.STP:DSD_MSTI@DF_MSTI(1.3),COL,A,G,USD_PPP_PS,_Z,_Z,2014,41.76896138,,,,,,0,,0
OECD.STI.STP:DSD_MSTI@DF_MSTI(1.3),COL,A,G,USD_PPP_PS,_Z,_Z,2015,50.29225453,,,,,,0,,0
OECD.STI.STP:DSD_MSTI@DF_MSTI(1.3),COL,A,G,USD_PPP_PS,_Z,_Z,2016,39.26250601,,,,,,0,,0
OECD.STI.STP:DSD_MSTI@DF_MSTI(1.3),COL,A,G,USD_PPP_PS,_Z,_Z,2017,38.98266401,,,,,,0,,0
OECD.STI.STP:DSD_MSTI@DF_MSTI(1.3),COL,A,G,USD_PPP_PS,_Z,_Z,2018,49.3941618,,,,,,0,,0
OECD.STI.STP:DSD_MSTI@DF_MSTI(1.3),CRI,A,G,USD_PPP_PS,_Z,_Z,2014,92.42025755,,,,,,0,,0
OECD.STI.STP:DSD_MSTI@DF_MSTI(1.3),CRI,A,G,USD_PPP_PS,_Z,_Z,2015,85.73528793,,,,,,0,,0
OECD.STI.STP:DSD_MSTI@DF_MSTI(1.3),CRI,A,G,USD_PPP_PS,_Z,_Z,2016,84.9104411,,,,,,0,,0
OECD.STI.STP:DSD_MSTI@DF_MSTI(1.3),CRI,A,G,USD_PPP_PS,_Z,_Z,2017,87.69322398,,,,,,0,,0
OECD.STI.STP:DSD_MSTI@DF_MSTI(1.3),CRI,A,G,USD_PPP_PS,_Z,_Z,2018,79.13410249,,,,,,0,,0
OECD.STI.STP:DSD_MSTI@DF_MSTI(1.3),CRI,A,G,USD_PPP_PS,_Z,_Z,2020,71.87471004,,,,,,0,,0
OECD.STI.STP:DSD_MSTI@DF_MSTI(1.3),CRI,A,G,USD_PPP_PS,_Z,_Z,2021,64.04187901,,,,,,0,,0
OECD.STI.STP:DSD_MSTI@DF_MSTI(1.3),CRI,A,G,USD_PPP_PS,_Z,_Z,2022,86.41334089,,,,,,0,,0
OECD.STI.STP:DSD_MSTI@DF_MSTI(1.3),CRI,A,G,USD_PPP_PS,_Z,_Z,2023,94.6677949,,,,,,0,,0
OECD.STI.STP:DSD_MSTI@DF_MSTI(1.3),CZE,A,G,USD_PPP_PS,_Z,_Z,2000,179.9650933,,,,,,0,,0
OECD.STI.STP:DSD_MSTI@DF_MSTI(1.3),CZE,A,G,USD_PPP_PS,_Z,_Z,2001,193.4964411,,,,,,0,,0
OECD.STI.STP:DSD_MSTI@DF_MSTI(1.3),CZE,A,G,USD_PPP_PS,_Z,_Z,2002,200.3728228,,,,,,0,,0
OECD.STI.STP:DSD_MSTI@DF_MSTI(1.3),CZE,A,G,USD_PPP_PS,_Z,_Z,2003,222.9604931,,,,,,0,,0
OECD.STI.STP:DSD_MSTI@DF_MSTI(1.3),CZE,A,G,USD_PPP_PS,_Z,_Z,2004,238.2356191,,,,,,0,,0
OECD.STI.STP:DSD_MSTI@DF_MSTI(1.3),CZE,A,G,USD_PPP_PS,_Z,_Z,2005,255.953495,,,,,,0,,0
OECD.STI.STP:DSD_MSTI@DF_MSTI(1.3),CZE,A,G,USD_PPP_PS,_Z,_Z,2006,292.3103469,,,,,,0,,0
OECD.STI.STP:DSD_MSTI@DF_MSTI(1.3),CZE,A,G,USD_PPP_PS,_Z,_Z,2007,339.8245981,,,,,,0,,0
OECD.STI.STP:DSD_MSTI@DF_MSTI(1.3),CZE,A,G,USD_PPP_PS,_Z,_Z,2008,343.5962671,,,,,,0,,0
OECD.STI.STP:DSD_MSTI@DF_MSTI(1.3),CZE,A,G,USD_PPP_PS,_Z,_Z,2009,355.7237646,,,,,,0,,0
OECD.STI.STP:DSD_MSTI@DF_MSTI(1.3),CZE,A,G,USD_PPP_PS,_Z,_Z,2010,368.2997898,,,,,,0,,0
OECD.STI.STP:DSD_MSTI@DF_MSTI(1.3),CZE,A,G,USD_PPP_PS,_Z,_Z,2011,447.9784833,,,,,,0,,0
OECD.STI.STP:DSD_MSTI@DF_MSTI(1.3),CZE,A,G,USD_PPP_PS,_Z,_Z,2012,517.9055416,,,,,,0,,0
OECD.STI.STP:DSD_MSTI@DF_MSTI(1.3),CZE,A,G,USD_PPP_PS,_Z,_Z,2013,579.8021311,,,,,,0,,0
OECD.STI.STP:DSD_MSTI@DF_MSTI(1.3),CZE,A,G,USD_PPP_PS,_Z,_Z,2014,637.812186,,,,,,0,,0
OECD.STI.STP:DSD_MSTI@DF_MSTI(1.3),CZE,A,G,USD_PPP_PS,_Z,_Z,2015,652.1933961,,,,,,0,,0
OECD.STI.STP:DSD_MSTI@DF_MSTI(1.3),CZE,A,G,USD_PPP_PS,_Z,_Z,2016,605.8617393,,,,,,0,,0
OECD.STI.STP:DSD_MSTI@DF_MSTI(1.3),CZE,A,G,USD_PPP_PS,_Z,_Z,2017,691.433625,,,,,,0,,0
OECD.STI.STP:DSD_MSTI@DF_MSTI(1.3),CZE,A,G,USD_PPP_PS,_Z,_Z,2018,788.4453868,,,,,,0,,0
OECD.STI.STP:DSD_MSTI@DF_MSTI(1.3),CZE,A,G,USD_PPP_PS,_Z,_Z,2019,874.5639717,,,,,,0,,0
OECD.STI.STP:DSD_MSTI@DF_MSTI(1.3),CZE,A,G,USD_PPP_PS,_Z,_Z,2020,888.5502222,,,,,,0,,0
OECD.STI.STP:DSD_MSTI@DF_MSTI(1.3),CZE,A,G,USD_PPP_PS,_Z,_Z,2021,924.3414525,,,,,,0,,0
OECD.STI.STP:DSD_MSTI@DF_MSTI(1.3),CZE,A,G,USD_PPP_PS,_Z,_Z,2022,993.0336668,,,,,,0,,0
OECD.STI.STP:DSD_MSTI@DF_MSTI(1.3),CZE,A,G,USD_PPP_PS,_Z,_Z,2023,1021.173529,,,,,,0,,0
OECD.STI.STP:DSD_MSTI@DF_MSTI(1.3),DNK,A,G,USD_PPP_PS,_Z,_Z,2001,684.6395148,,,,,,0,,0
OECD.STI.STP:DSD_MSTI@DF_MSTI(1.3),DNK,A,G,USD_PPP_PS,_Z,_Z,2002,748.116945,,,,,,0,,0
OECD.STI.STP:DSD_MSTI@DF_MSTI(1.3),DNK,A,G,USD_PPP_PS,_Z,_Z,2003,773.9475569,,,,,,0,,0
OECD.STI.STP:DSD_MSTI@DF_MSTI(1.3),DNK,A,G,USD_PPP_PS,_Z,_Z,2004,796.9753585,,,,,,0,,0
OECD.STI.STP:DSD_MSTI@DF_MSTI(1.3),DNK,A,G,USD_PPP_PS,_Z,_Z,2005,817.4723428,,,,,,0,,0
OECD.STI.STP:DSD_MSTI@DF_MSTI(1.3),DNK,A,G,USD_PPP_PS,_Z,_Z,2006,897.0344145,,,,,,0,,0
OECD.STI.STP:DSD_MSTI@DF_MSTI(1.3),DNK,A,G,USD_PPP_PS,_Z,_Z,2008,1145.023395,,,,,,0,,0
OECD.STI.STP:DSD_MSTI@DF_MSTI(1.3),DNK,A,G,USD_PPP_PS,_Z,_Z,2009,1232.900845,,,,,,0,,0
OECD.STI.STP:DSD_MSTI@DF_MSTI(1.3),DNK,A,G,USD_PPP_PS,_Z,_Z,2010,1254.143303,,,,,,0,,0
OECD.STI.STP:DSD_MSTI@DF_MSTI(1.3),DNK,A,G,USD_PPP_PS,_Z,_Z,2011,1307.609066,,,,,,0,,0
OECD.STI.STP:DSD_MSTI@DF_MSTI(1.3),DNK,A,G,USD_PPP_PS,_Z,_Z,2012,1335.908536,,,,,,0,,0
OECD.STI.STP:DSD_MSTI@DF_MSTI(1.3),DNK,A,G,USD_PPP_PS,_Z,_Z,2013,1388.425337,,,,,,0,,0
OECD.STI.STP:DSD_MSTI@DF_MSTI(1.3),DNK,A,G,USD_PPP_PS,_Z,_Z,2014,1395.924797,,,,,,0,,0
OECD.STI.STP:DSD_MSTI@DF_MSTI(1.3),DNK,A,G,USD_PPP_PS,_Z,_Z,2015,1498.591384,,,,,,0,,0
OECD.STI.STP:DSD_MSTI@DF_MSTI(1.3),DNK,A,G,USD_PPP_PS,_Z,_Z,2016,1607.323028,,,,,,0,,0
OECD.STI.STP:DSD_MSTI@DF_MSTI(1.3),DNK,A,G,USD_PPP_PS,_Z,_Z,2017,1622.60459,,,,,,0,,0
OECD.STI.STP:DSD_MSTI@DF_MSTI(1.3),DNK,A,G,USD_PPP_PS,_Z,_Z,2018,1704.892696,,,,,,0,,0
OECD.STI.STP:DSD_MSTI@DF_MSTI(1.3),DNK,A,G,USD_PPP_PS,_Z,_Z,2019,1760.162106,,,,,,0,,0
OECD.STI.STP:DSD_MSTI@DF_MSTI(1.3),DNK,A,G,USD_PPP_PS,_Z,_Z,2020,1859.275404,,,,,,0,,0
OECD.STI.STP:DSD_MSTI@DF_MSTI(1.3),DNK,A,G,USD_PPP_PS,_Z,_Z,2022,2261.241675,,,,,,0,,0
OECD.STI.STP:DSD_MSTI@DF_MSTI(1.3),DNK,A,G,USD_PPP_PS,_Z,_Z,2023,2374.061629,,,,,,0,,0
OECD.STI.STP:DSD_MSTI@DF_MSTI(1.3),EST,A,G,USD_PPP_PS,_Z,_Z,2000,56.37359944,,,,,,0,,0
OECD.STI.STP:DSD_MSTI@DF_MSTI(1.3),EST,A,G,USD_PPP_PS,_Z,_Z,2001,71.80938241,,,,,,0,,0
OECD.STI.STP:DSD_MSTI@DF_MSTI(1.3),EST,A,G,USD_PPP_PS,_Z,_Z,2002,82.74907118,,,,,,0,,0
OECD.STI.STP:DSD_MSTI@DF_MSTI(1.3),EST,A,G,USD_PPP_PS,_Z,_Z,2003,100.0837389,,,,,,0,,0
OECD.STI.STP:DSD_MSTI@DF_MSTI(1.3),EST,A,G,USD_PPP_PS,_Z,_Z,2004,122.6035049,,,,,,0,,0
OECD.STI.STP:DSD_MSTI@DF_MSTI(1.3),EST,A,G,USD_PPP_PS,_Z,_Z,2005,152.0860894,,,,,,0,,0
OECD.STI.STP:DSD_MSTI@DF_MSTI(1.3),EST,A,G,USD_PPP_PS,_Z,_Z,2006,214.6021695,,,,,,0,,0
OECD.STI.STP:DSD_MSTI@DF_MSTI(1.3),EST,A,G,USD_PPP_PS,_Z,_Z,2007,234.6463586,,,,,,0,,0
OECD.STI.STP:DSD_MSTI@DF_MSTI(1.3),EST,A,G,USD_PPP_PS,_Z,_Z,2008,285.1791536,,,,,,0,,0
OECD.STI.STP:DSD_MSTI@DF_MSTI(1.3),EST,A,G,USD_PPP_PS,_Z,_Z,2009,285.9209738,,,,,,0,,0
OECD.STI.STP:DSD_MSTI@DF_MSTI(1.3),EST,A,G,USD_PPP_PS,_Z,_Z,2010,340.8036941,,,,,,0,,0
OECD.STI.STP:DSD_MSTI@DF_MSTI(1.3),EST,A,G,USD_PPP_PS,_Z,_Z,2011,565.1347199,,,,,,0,,0
OECD.STI.STP:DSD_MSTI@DF_MSTI(1.3),EST,A,G,USD_PPP_PS,_Z,_Z,2012,551.3221893,,,,,,0,,0
OECD.STI.STP:DSD_MSTI@DF_MSTI(1.3),EST,A,G,USD_PPP_PS,_Z,_Z,2013,472.7310886,,,,,,0,,0
OECD.STI.STP:DSD_MSTI@DF_MSTI(1.3),EST,A,G,USD_PPP_PS,_Z,_Z,2014,413.5919034,,,,,,0,,0
OECD.STI.STP:DSD_MSTI@DF_MSTI(1.3),EST,A,G,USD_PPP_PS,_Z,_Z,2015,428.9214015,,,,,,0,,0
OECD.STI.STP:DSD_MSTI@DF_MSTI(1.3),EST,A,G,USD_PPP_PS,_Z,_Z,2016,389.2045993,,,,,,0,,0
OECD.STI.STP:DSD_MSTI@DF_MSTI(1.3),EST,A,G,USD_PPP_PS,_Z,_Z,2017,432.4417523,,,,,,0,,0
OECD.STI.STP:DSD_MSTI@DF_MSTI(1.3),EST,A,G,USD_PPP_PS,_Z,_Z,2018,514.4846153,,,,,,0,,0
OECD.STI.STP:DSD_MSTI@DF_MSTI(1.3),EST,A,G,USD_PPP_PS,_Z,_Z,2019,646.712379,,,,,,0,,0
OECD.STI.STP:DSD_MSTI@DF_MSTI(1.3),EST,A,G,USD_PPP_PS,_Z,_Z,2020,702.39135,,,,,,0,,0
OECD.STI.STP:DSD_MSTI@DF_MSTI(1.3),EST,A,G,USD_PPP_PS,_Z,_Z,2021,775.5773368,,,,,,0,,0
OECD.STI.STP:DSD_MSTI@DF_MSTI(1.3),EST,A,G,USD_PPP_PS,_Z,_Z,2022,859.9498409,,,,,,0,,0
OECD.STI.STP:DSD_MSTI@DF_MSTI(1.3),EST,A,G,USD_PPP_PS,_Z,_Z,2023,897.2111192,,,,,,0,,0
OECD.STI.STP:DSD_MSTI@DF_MSTI(1.3),EST,A,G,USD_PPP_PS,_Z,_Z,2024,998.7569843,,,,,,0,,0
OECD.STI.STP:DSD_MSTI@DF_MSTI(1.3),FIN,A,G,USD_PPP_PS,_Z,_Z,2000,868.492393,,,,,,0,,0
OECD.STI.STP:DSD_MSTI@DF_MSTI(1.3),FIN,A,G,USD_PPP_PS,_Z,_Z,2001,887.8866867,,,,,,0,,0
OECD.STI.STP:DSD_MSTI@DF_MSTI(1.3),FIN,A,G,USD_PPP_PS,_Z,_Z,2002,930.5468538,,,,,,0,,0
OECD.STI.STP:DSD_MSTI@DF_MSTI(1.3),FIN,A,G,USD_PPP_PS,_Z,_Z,2003,958.116197,,,,,,0,,0
OECD.STI.STP:DSD_MSTI@DF_MSTI(1.3),FIN,A,G,USD_PPP_PS,_Z,_Z,2004,1032.37388,,,,,,0,,0
OECD.STI.STP:DSD_MSTI@DF_MSTI(1.3),FIN,A,G,USD_PPP_PS,_Z,_Z,2005,1065.304089,,,,,,0,,0
OECD.STI.STP:DSD_MSTI@DF_MSTI(1.3),FIN,A,G,USD_PPP_PS,_Z,_Z,2006,1147.838558,,,,,,0,,0
OECD.STI.STP:DSD_MSTI@DF_MSTI(1.3),FIN,A,G,USD_PPP_PS,_Z,_Z,2007,1262.926593,,,,,,0,,0
OECD.STI.STP:DSD_MSTI@DF_MSTI(1.3),FIN,A,G,USD_PPP_PS,_Z,_Z,2008,1417.747838,,,,,,0,,0
OECD.STI.STP:DSD_MSTI@DF_MSTI(1.3),FIN,A,G,USD_PPP_PS,_Z,_Z,2009,1418.58239,,,,,,0,,0
OECD.STI.STP:DSD_MSTI@DF_MSTI(1.3),FIN,A,G,USD_PPP_PS,_Z,_Z,2010,1443.03876,,,,,,0,,0
OECD.STI.STP:DSD_MSTI@DF_MSTI(1.3),FIN,A,G,USD_PPP_PS,_Z,_Z,2011,1480.389999,,,,,,0,,0
OECD.STI.STP:DSD_MSTI@DF_MSTI(1.3),FIN,A,G,USD_PPP_PS,_Z,_Z,2012,1388.991908,,,,,,0,,0
OECD.STI.STP:DSD_MSTI@DF_MSTI(1.3),FIN,A,G,USD_PPP_PS,_Z,_Z,2013,1357.387718,,,,,,0,,0
OECD.STI.STP:DSD_MSTI@DF_MSTI(1.3),FIN,A,G,USD_PPP_PS,_Z,_Z,2014,1314.080408,,,,,,0,,0
OECD.STI.STP:DSD_MSTI@DF_MSTI(1.3),FIN,A,G,USD_PPP_PS,_Z,_Z,2015,1220.303343,,,,,,0,,0
OECD.STI.STP:DSD_MSTI@DF_MSTI(1.3),FIN,A,G,USD_PPP_PS,_Z,_Z,2016,1224.20338,,,,,,0,,0
OECD.STI.STP:DSD_MSTI@DF_MSTI(1.3),FIN,A,G,USD_PPP_PS,_Z,_Z,2017,1297.655746,,,,,,0,,0
OECD.STI.STP:DSD_MSTI@DF_MSTI(1.3),FIN,A,G,USD_PPP_PS,_Z,_Z,2018,1366.979417,,,,,,0,,0
OECD.STI.STP:DSD_MSTI@DF_MSTI(1.3),FIN,A,G,USD_PPP_PS,_Z,_Z,2019,1471.753649,,,,,,0,,0
OECD.STI.STP:DSD_MSTI@DF_MSTI(1.3),FIN,A,G,USD_PPP_PS,_Z,_Z,2020,1562.741805,,,,,,0,,0
OECD.STI.STP:DSD_MSTI@DF_MSTI(1.3),FIN,A,G,USD_PPP_PS,_Z,_Z,2021,1709.996499,,,,,,0,,0
OECD.STI.STP:DSD_MSTI@DF_MSTI(1.3),FIN,A,G,USD_PPP_PS,_Z,_Z,2022,1852.543384,,,,,,0,,0
OECD.STI.STP:DSD_MSTI@DF_MSTI(1.3),FIN,A,G,USD_PPP_PS,_Z,_Z,2023,1964.224934,,,,,,0,,0
OECD.STI.STP:DSD_MSTI@DF_MSTI(1.3),FIN,A,G,USD_PPP_PS,_Z,_Z,2024,2098.375817,,,,,,0,,0
OECD.STI.STP:DSD_MSTI@DF_MSTI(1.3),FRA,A,G,USD_PPP_PS,_Z,_Z,2001,589.5262495,,,,,,0,,0
OECD.STI.STP:DSD_MSTI@DF_MSTI(1.3),FRA,A,G,USD_PPP_PS,_Z,_Z,2002,622.0746421,,,,,,0,,0
OECD.STI.STP:DSD_MSTI@DF_MSTI(1.3),FRA,A,G,USD_PPP_PS,_Z,_Z,2003,599.0467631,,,,,,0,,0
OECD.STI.STP:DSD_MSTI@DF_MSTI(1.3),FRA,A,G,USD_PPP_PS,_Z,_Z,2005,627.8200768,,,,,,0,,0
OECD.STI.STP:DSD_MSTI@DF_MSTI(1.3),FRA,A,G,USD_PPP_PS,_Z,_Z,2006,668.1515332,,,,,,0,,0
OECD.STI.STP:DSD_MSTI@DF_MSTI(1.3),FRA,A,G,USD_PPP_PS,_Z,_Z,2007,693.5357954,,,,,,0,,0
OECD.STI.STP:DSD_MSTI@DF_MSTI(1.3),FRA,A,G,USD_PPP_PS,_Z,_Z,2008,726.2376675,,,,,,0,,0
OECD.STI.STP:DSD_MSTI@DF_MSTI(1.3),FRA,A,G,USD_PPP_PS,_Z,_Z,2009,770.646966,,,,,,0,,0
OECD.STI.STP:DSD_MSTI@DF_MSTI(1.3),FRA,A,G,USD_PPP_PS,_Z,_Z,2011,824.1840208,,,,,,0,,0
OECD.STI.STP:DSD_MSTI@DF_MSTI(1.3),FRA,A,G,USD_PPP_PS,_Z,_Z,2012,842.9626728,,,,,,0,,0
OECD.STI.STP:DSD_MSTI@DF_MSTI(1.3),FRA,A,G,USD_PPP_PS,_Z,_Z,2013,888.3948349,,,,,,0,,0
OECD.STI.STP:DSD_MSTI@DF_MSTI(1.3),FRA,A,G,USD_PPP_PS,_Z,_Z,2015,912.9496704,,,,,,0,,0
OECD.STI.STP:DSD_MSTI@DF_MSTI(1.3),FRA,A,G,USD_PPP_PS,_Z,_Z,2016,956.2583142,,,,,,0,,0
OECD.STI.STP:DSD_MSTI@DF_MSTI(1.3),FRA,A,G,USD_PPP_PS,_Z,_Z,2017,981.4877917,,,,,,0,,0
OECD.STI.STP:DSD_MSTI@DF_MSTI(1.3),FRA,A,G,USD_PPP_PS,_Z,_Z,2018,1022.625641,,,,,,0,,0
OECD.STI.STP:DSD_MSTI@DF_MSTI(1.3),FRA,A,G,USD_PPP_PS,_Z,_Z,2019,1122.940262,,,,,,0,,0
OECD.STI.STP:DSD_MSTI@DF_MSTI(1.3),FRA,A,G,USD_PPP_PS,_Z,_Z,2020,1124.885672,,,,,,0,,0
OECD.STI.STP:DSD_MSTI@DF_MSTI(1.3),FRA,A,G,USD_PPP_PS,_Z,_Z,2021,1160.448602,,,,,,0,,0
OECD.STI.STP:DSD_MSTI@DF_MSTI(1.3),FRA,A,G,USD_PPP_PS,_Z,_Z,2022,1265.762886,,,,,,0,,0
OECD.STI.STP:DSD_MSTI@DF_MSTI(1.3),DEU,A,G,USD_PPP_PS,_Z,_Z,2000,661.7437454,,,,,,0,,0
OECD.STI.STP:DSD_MSTI@DF_MSTI(1.3),DEU,A,G,USD_PPP_PS,_Z,_Z,2001,689.1849165,,,,,,0,,0
OECD.STI.STP:DSD_MSTI@DF_MSTI(1.3),DEU,A,G,USD_PPP_PS,_Z,_Z,2002,718.7896898,,,,,,0,,0
OECD.STI.STP:DSD_MSTI@DF_MSTI(1.3),DEU,A,G,USD_PPP_PS,_Z,_Z,2003,748.9983539,,,,,,0,,0
OECD.STI.STP:DSD_MSTI@DF_MSTI(1.3),DEU,A,G,USD_PPP_PS,_Z,_Z,2004,772.8884353,,,,,,0,,0
OECD.STI.STP:DSD_MSTI@DF_MSTI(1.3),DEU,A,G,USD_PPP_PS,_Z,_Z,2005,787.1980943,,,,,,0,,0
OECD.STI.STP:DSD_MSTI@DF_MSTI(1.3),DEU,A,G,USD_PPP_PS,_Z,_Z,2006,856.8839184,,,,,,0,,0
OECD.STI.STP:DSD_MSTI@DF_MSTI(1.3),DEU,A,G,USD_PPP_PS,_Z,_Z,2007,907.0678731,,,,,,0,,0
OECD.STI.STP:DSD_MSTI@DF_MSTI(1.3),DEU,A,G,USD_PPP_PS,_Z,_Z,2008,1005.059646,,,,,,0,,0
OECD.STI.STP:DSD_MSTI@DF_MSTI(1.3),DEU,A,G,USD_PPP_PS,_Z,_Z,2009,1028.045712,,,,,,0,,0
OECD.STI.STP:DSD_MSTI@DF_MSTI(1.3),DEU,A,G,USD_PPP_PS,_Z,_Z,2010,1082.969155,,,,,,0,,0
OECD.STI.STP:DSD_MSTI@DF_MSTI(1.3),DEU,A,G,USD_PPP_PS,_Z,_Z,2011,1193.52184,,,,,,0,,0
OECD.STI.STP:DSD_MSTI@DF_MSTI(1.3),DEU,A,G,USD_PPP_PS,_Z,_Z,2012,1250.109909,,,,,,0,,0
OECD.STI.STP:DSD_MSTI@DF_MSTI(1.3),DEU,A,G,USD_PPP_PS,_Z,_Z,2013,1278.058729,,,,,,0,,0
OECD.STI.STP:DSD_MSTI@DF_MSTI(1.3),DEU,A,G,USD_PPP_PS,_Z,_Z,2014,1356.679008,,,,,,0,,0
OECD.STI.STP:DSD_MSTI@DF_MSTI(1.3),DEU,A,G,USD_PPP_PS,_Z,_Z,2015,1402.620455,,,,,,0,,0
OECD.STI.STP:DSD_MSTI@DF_MSTI(1.3),DEU,A,G,USD_PPP_PS,_Z,_Z,2016,1495.989904,,,,,,0,,0
OECD.STI.STP:DSD_MSTI@DF_MSTI(1.3),DEU,A,G,USD_PPP_PS,_Z,_Z,2017,1629.342538,,,,,,0,,0
OECD.STI.STP:DSD_MSTI@DF_MSTI(1.3),DEU,A,G,USD_PPP_PS,_Z,_Z,2018,1732.295302,,,,,,0,,0
OECD.STI.STP:DSD_MSTI@DF_MSTI(1.3),DEU,A,G,USD_PPP_PS,_Z,_Z,2019,1864.812189,,,,,,0,,0
OECD.STI.STP:DSD_MSTI@DF_MSTI(1.3),DEU,A,G,USD_PPP_PS,_Z,_Z,2020,1836.06678,,,,,,0,,0
OECD.STI.STP:DSD_MSTI@DF_MSTI(1.3),DEU,A,G,USD_PPP_PS,_Z,_Z,2021,1953.272823,,,,,,0,,0
OECD.STI.STP:DSD_MSTI@DF_MSTI(1.3),GRC,A,G,USD_PPP_PS,_Z,_Z,2001,117.2606786,,,,,,0,,0
OECD.STI.STP:DSD_MSTI@DF_MSTI(1.3),GRC,A,G,USD_PPP_PS,_Z,_Z,2003,130.5939737,,,,,,0,,0
OECD.STI.STP:DSD_MSTI@DF_MSTI(1.3),GRC,A,G,USD_PPP_PS,_Z,_Z,2005,148.0822022,,,,,,0,,0
OECD.STI.STP:DSD_MSTI@DF_MSTI(1.3),GRC,A,G,USD_PPP_PS,_Z,_Z,2011,175.6591296,,,,,,0,,0
OECD.STI.STP:DSD_MSTI@DF_MSTI(1.3),HUN,A,G,USD_PPP_PS,_Z,_Z,2005,157.3136811,,,,,,0,,0
OECD.STI.STP:DSD_MSTI@DF_MSTI(1.3),HUN,A,G,USD_PPP_PS,_Z,_Z,2006,179.6441474,,,,,,0,,0
OECD.STI.STP:DSD_MSTI@DF_MSTI(1.3),HUN,A,G,USD_PPP_PS,_Z,_Z,2007,182.2796346,,,,,,0,,0
OECD.STI.STP:DSD_MSTI@DF_MSTI(1.3),HUN,A,G,USD_PPP_PS,_Z,_Z,2008,202.5677405,,,,,,0,,0
OECD.STI.STP:DSD_MSTI@DF_MSTI(1.3),HUN,A,G,USD_PPP_PS,_Z,_Z,2009,233.8700933,,,,,,0,,0
OECD.STI.STP:DSD_MSTI@DF_MSTI(1.3),HUN,A,G,USD_PPP_PS,_Z,_Z,2010,245.3287353,,,,,,0,,0
OECD.STI.STP:DSD_MSTI@DF_MSTI(1.3),HUN,A,G,USD_PPP_PS,_Z,_Z,2011,271.575202,,,,,,0,,0
OECD.STI.STP:DSD_MSTI@DF_MSTI(1.3),HUN,A,G,USD_PPP_PS,_Z,_Z,2013,340.4685551,,,,,,0,,0
OECD.STI.STP:DSD_MSTI@DF_MSTI(1.3),HUN,A,G,USD_PPP_PS,_Z,_Z,2014,346.6227265,,,,,,0,,0
OECD.STI.STP:DSD_MSTI@DF_MSTI(1.3),HUN,A,G,USD_PPP_PS,_Z,_Z,2015,360.6529838,,,,,,0,,0
OECD.STI.STP:DSD_MSTI@DF_MSTI(1.3),HUN,A,G,USD_PPP_PS,_Z,_Z,2016,331.5117131,,,,,,0,,0
OECD.STI.STP:DSD_MSTI@DF_MSTI(1.3),HUN,A,G,USD_PPP_PS,_Z,_Z,2017,390.9162066,,,,,,0,,0
OECD.STI.STP:DSD_MSTI@DF_MSTI(1.3),HUN,A,G,USD_PPP_PS,_Z,_Z,2019,521.8431017,,,,,,0,,0
OECD.STI.STP:DSD_MSTI@DF_MSTI(1.3),HUN,A,G,USD_PPP_PS,_Z,_Z,2020,562.4589791,,,,,,0,,0
OECD.STI.STP:DSD_MSTI@DF_MSTI(1.3),HUN,A,G,USD_PPP_PS,_Z,_Z,2021,635.1334536,,,,,,0,,0
OECD.STI.STP:DSD_MSTI@DF_MSTI(1.3),HUN,A,G,USD_PPP_PS,_Z,_Z,2022,616.9363309,,,,,,0,,0
OECD.STI.STP:DSD_MSTI@DF_MSTI(1.3),HUN,A,G,USD_PPP_PS,_Z,_Z,2023,641.799235,,,,,,0,,0
OECD.STI.STP:DSD_MSTI@DF_MSTI(1.3),IRL,A,G,USD_PPP_PS,_Z,_Z,2001,342.8689822,,,,,,0,,0
OECD.STI.STP:DSD_MSTI@DF_MSTI(1.3),IRL,A,G,USD_PPP_PS,_Z,_Z,2002,371.8664082,,,,,,0,,0
OECD.STI.STP:DSD_MSTI@DF_MSTI(1.3),IRL,A,G,USD_PPP_PS,_Z,_Z,2003,407.8730364,,,,,,0,,0
OECD.STI.STP:DSD_MSTI@DF_MSTI(1.3),IRL,A,G,USD_PPP_PS,_Z,_Z,2004,456.4729322,,,,,,0,,0
OECD.STI.STP:DSD_MSTI@DF_MSTI(1.3),IRL,A,G,USD_PPP_PS,_Z,_Z,2005,482.3331145,,,,,,0,,0
OECD.STI.STP:DSD_MSTI@DF_MSTI(1.3),IRL,A,G,USD_PPP_PS,_Z,_Z,2006,530.6388062,,,,,,0,,0
OECD.STI.STP:DSD_MSTI@DF_MSTI(1.3),IRL,A,G,USD_PPP_PS,_Z,_Z,2007,577.1705346,,,,,,0,,0
OECD.STI.STP:DSD_MSTI@DF_MSTI(1.3),IRL,A,G,USD_PPP_PS,_Z,_Z,2008,613.621889,,,,,,0,,0
OECD.STI.STP:DSD_MSTI@DF_MSTI(1.3),IRL,A,G,USD_PPP_PS,_Z,_Z,2019,1048.492016,,,,,,0,,0
OECD.STI.STP:DSD_MSTI@DF_MSTI(1.3),IRL,A,G,USD_PPP_PS,_Z,_Z,2020,1101.074162,,,,,,0,,0
OECD.STI.STP:DSD_MSTI@DF_MSTI(1.3),IRL,A,G,USD_PPP_PS,_Z,_Z,2021,1259.221942,,,,,,0,,0
OECD.STI.STP:DSD_MSTI@DF_MSTI(1.3),IRL,A,G,USD_PPP_PS,_Z,_Z,2023,2065.835845,,,,,,0,,0
OECD.STI.STP:DSD_MSTI@DF_MSTI(1.3),ITA,A,G,USD_PPP_PS,_Z,_Z,2000,271.8019003,,,,,,0,,0
OECD.STI.STP:DSD_MSTI@DF_MSTI(1.3),ITA,A,G,USD_PPP_PS,_Z,_Z,2001,291.7740443,,,,,,0,,0
OECD.STI.STP:DSD_MSTI@DF_MSTI(1.3),ITA,A,G,USD_PPP_PS,_Z,_Z,2002,310.5429286,,,,,,0,,0
OECD.STI.STP:DSD_MSTI@DF_MSTI(1.3),ITA,A,G,USD_PPP_PS,_Z,_Z,2003,308.693304,,,,,,0,,0
OECD.STI.STP:DSD_MSTI@DF_MSTI(1.3),ITA,A,G,USD_PPP_PS,_Z,_Z,2004,309.5991117,,,,,,0,,0
OECD.STI.STP:DSD_MSTI@DF_MSTI(1.3),ITA,A,G,USD_PPP_PS,_Z,_Z,2005,313.6029216,,,,,,0,,0
OECD.STI.STP:DSD_MSTI@DF_MSTI(1.3),ITA,A,G,USD_PPP_PS,_Z,_Z,2006,350.1820739,,,,,,0,,0
OECD.STI.STP:DSD_MSTI@DF_MSTI(1.3),ITA,A,G,USD_PPP_PS,_Z,_Z,2007,383.4389059,,,,,,0,,0
OECD.STI.STP:DSD_MSTI@DF_MSTI(1.3),ITA,A,G,USD_PPP_PS,_Z,_Z,2008,409.296925,,,,,,0,,0
OECD.STI.STP:DSD_MSTI@DF_MSTI(1.3),ITA,A,G,USD_PPP_PS,_Z,_Z,2009,418.3698445,,,,,,0,,0
OECD.STI.STP:DSD_MSTI@DF_MSTI(1.3),ITA,A,G,USD_PPP_PS,_Z,_Z,2010,424.2191025,,,,,,0,,0
OECD.STI.STP:DSD_MSTI@DF_MSTI(1.3),ITA,A,G,USD_PPP_PS,_Z,_Z,2011,435.000538,,,,,,0,,0
OECD.STI.STP:DSD_MSTI@DF_MSTI(1.3),ITA,A,G,USD_PPP_PS,_Z,_Z,2012,455.5418668,,,,,,0,,0
OECD.STI.STP:DSD_MSTI@DF_MSTI(1.3),ITA,A,G,USD_PPP_PS,_Z,_Z,2013,471.8728204,,,,,,0,,0
OECD.STI.STP:DSD_MSTI@DF_MSTI(1.3),ITA,A,G,USD_PPP_PS,_Z,_Z,2015,498.0083995,,,,,,0,,0
OECD.STI.STP:DSD_MSTI@DF_MSTI(1.3),ITA,A,G,USD_PPP_PS,_Z,_Z,2017,574.7913425,,,,,,0,,0
OECD.STI.STP:DSD_MSTI@DF_MSTI(1.3),ITA,A,G,USD_PPP_PS,_Z,_Z,2018,618.5970379,,,,,,0,,0
OECD.STI.STP:DSD_MSTI@DF_MSTI(1.3),ITA,A,G,USD_PPP_PS,_Z,_Z,2019,679.2018704,,,,,,0,,0
OECD.STI.STP:DSD_MSTI@DF_MSTI(1.3),ITA,A,G,USD_PPP_PS,_Z,_Z,2020,665.9508052,,,,,,0,,0
OECD.STI.STP:DSD_MSTI@DF_MSTI(1.3),ITA,A,G,USD_PPP_PS,_Z,_Z,2021,702.860995,,,,,,0,,0
OECD.STI.STP:DSD_MSTI@DF_MSTI(1.3),ITA,A,G,USD_PPP_PS,_Z,_Z,2022,781.9698678,,,,,,0,,0
OECD.STI.STP:DSD_MSTI@DF_MSTI(1.3),ITA,A,G,USD_PPP_PS,_Z,_Z,2023,828.0245403,,,,,,0,,0
OECD.STI.STP:DSD_MSTI@DF_MSTI(1.3),JPN,A,G,USD_PPP_PS,_Z,_Z,2000,780.0756135,,,,,,0,,0
OECD.STI.STP:DSD_MSTI@DF_MSTI(1.3),JPN,A,G,USD_PPP_PS,_Z,_Z,2001,817.0111071,,,,,,0,,0
OECD.STI.STP:DSD_MSTI@DF_MSTI(1.3),JPN,A,G,USD_PPP_PS,_Z,_Z,2002,849.0284562,,,,,,0,,0
OECD.STI.STP:DSD_MSTI@DF_MSTI(1.3),JPN,A,G,USD_PPP_PS,_Z,_Z,2003,880.3300747,,,,,,0,,0
OECD.STI.STP:DSD_MSTI@DF_MSTI(1.3),JPN,A,G,USD_PPP_PS,_Z,_Z,2004,919.3573756,,,,,,0,,0
OECD.STI.STP:DSD_MSTI@DF_MSTI(1.3),JPN,A,G,USD_PPP_PS,_Z,_Z,2005,1007.3544,,,,,,0,,0
OECD.STI.STP:DSD_MSTI@DF_MSTI(1.3),JPN,A,G,USD_PPP_PS,_Z,_Z,2006,1085.654788,,,,,,0,,0
OECD.STI.STP:DSD_MSTI@DF_MSTI(1.3),JPN,A,G,USD_PPP_PS,_Z,_Z,2007,1153.094059,,,,,,0,,0
OECD.STI.STP:DSD_MSTI@DF_MSTI(1.3),JPN,A,G,USD_PPP_PS,_Z,_Z,2009,1072.122439,,,,,,0,,0
OECD.STI.STP:DSD_MSTI@DF_MSTI(1.3),JPN,A,G,USD_PPP_PS,_Z,_Z,2010,1097.397202,,,,,,0,,0
OECD.STI.STP:DSD_MSTI@DF_MSTI(1.3),JPN,A,G,USD_PPP_PS,_Z,_Z,2011,1160.823505,,,,,,0,,0
OECD.STI.STP:DSD_MSTI@DF_MSTI(1.3),JPN,A,G,USD_PPP_PS,_Z,_Z,2012,1194.223278,,,,,,0,,0
OECD.STI.STP:DSD_MSTI@DF_MSTI(1.3),JPN,A,G,USD_PPP_PS,_Z,_Z,2014,1332.323463,,,,,,0,,0
OECD.STI.STP:DSD_MSTI@DF_MSTI(1.3),JPN,A,G,USD_PPP_PS,_Z,_Z,2015,1325.733868,,,,,,0,,0
OECD.STI.STP:DSD_MSTI@DF_MSTI(1.3),JPN,A,G,USD_PPP_PS,_Z,_Z,2016,1262.629205,,,,,,0,,0
OECD.STI.STP:DSD_MSTI@DF_MSTI(1.3),JPN,A,G,USD_PPP_PS,_Z,_Z,2017,1315.026394,,,,,,0,,0
OECD.STI.STP:DSD_MSTI@DF_MSTI(1.3),JPN,A,G,USD_PPP_PS,_Z,_Z,2019,1378.558295,,,,,,0,,0
OECD.STI.STP:DSD_MSTI@DF_MSTI(1.3),JPN,A,G,USD_PPP_PS,_Z,_Z,2020,1391.525486,,,,,,0,,0
OECD.STI.STP:DSD_MSTI@DF_MSTI(1.3),JPN,A,G,USD_PPP_PS,_Z,_Z,2021,1454.195332,,,,,,0,,0
OECD.STI.STP:DSD_MSTI@DF_MSTI(1.3),JPN,A,G,USD_PPP_PS,_Z,_Z,2022,1607.066896,,,,,,0,,0
OECD.STI.STP:DSD_MSTI@DF_MSTI(1.3),JPN,A,G,USD_PPP_PS,_Z,_Z,2023,1745.706067,,,,,,0,,0
OECD.STI.STP:DSD_MSTI@DF_MSTI(1.3),JPN,A,G,USD_PPP_PS,_Z,_Z,2024,1888.771156,,,,,,0,,0
OECD.STI.STP:DSD_MSTI@DF_MSTI(1.3),KOR,A,G,USD_PPP_PS,_Z,_Z,2008,895.0445982,,,,,,0,,0
OECD.STI.STP:DSD_MSTI@DF_MSTI(1.3),KOR,A,G,USD_PPP_PS,_Z,_Z,2009,928.7911472,,,,,,0,,0
OECD.STI.STP:DSD_MSTI@DF_MSTI(1.3),KOR,A,G,USD_PPP_PS,_Z,_Z,2010,1052.941454,,,,,,0,,0
OECD.STI.STP:DSD_MSTI@DF_MSTI(1.3),KOR,A,G,USD_PPP_PS,_Z,_Z,2011,1169.066107,,,,,,0,,0
OECD.STI.STP:DSD_MSTI@DF_MSTI(1.3),KOR,A,G,USD_PPP_PS,_Z,_Z,2012,1292.081445,,,,,,0,,0
OECD.STI.STP:DSD_MSTI@DF_MSTI(1.3),KOR,A,G,USD_PPP_PS,_Z,_Z,2013,1353.07174,,,,,,0,,0
OECD.STI.STP:DSD_MSTI@DF_MSTI(1.3),KOR,A,G,USD_PPP_PS,_Z,_Z,2014,1440.475561,,,,,,0,,0
OECD.STI.STP:DSD_MSTI@DF_MSTI(1.3),KOR,A,G,USD_PPP_PS,_Z,_Z,2015,1507.831821,,,,,,0,,0
OECD.STI.STP:DSD_MSTI@DF_MSTI(1.3),KOR,A,G,USD_PPP_PS,_Z,_Z,2016,1577.882008,,,,,,0,,0
OECD.STI.STP:DSD_MSTI@DF_MSTI(1.3),KOR,A,G,USD_PPP_PS,_Z,_Z,2017,1757.912108,,,,,,0,,0
OECD.STI.STP:DSD_MSTI@DF_MSTI(1.3),KOR,A,G,USD_PPP_PS,_Z,_Z,2018,1944.0261,,,,,,0,,0
OECD.STI.STP:DSD_MSTI@DF_MSTI(1.3),KOR,A,G,USD_PPP_PS,_Z,_Z,2019,2029.641033,,,,,,0,,0
OECD.STI.STP:DSD_MSTI@DF_MSTI(1.3),KOR,A,G,USD_PPP_PS,_Z,_Z,2020,2164.928004,,,,,,0,,0
OECD.STI.STP:DSD_MSTI@DF_MSTI(1.3),KOR,A,G,USD_PPP_PS,_Z,_Z,2021,2377.325058,,,,,,0,,0
OECD.STI.STP:DSD_MSTI@DF_MSTI(1.3),KOR,A,G,USD_PPP_PS,_Z,_Z,2022,2690.809385,,,,,,0,,0
OECD.STI.STP:DSD_MSTI@DF_MSTI(1.3),KOR,A,G,USD_PPP_PS,_Z,_Z,2023,2839.034834,,,,,,0,,0
OECD.STI.STP:DSD_MSTI@DF_MSTI(1.3),KOR,A,G,USD_PPP_PS,_Z,_Z,2024,3129.059004,,,,,,0,,0
OECD.STI.STP:DSD_MSTI@DF_MSTI(1.3),LVA,A,G,USD_PPP_PS,_Z,_Z,2000,34.99719957,,,,,,0,,0
OECD.STI.STP:DSD_MSTI@DF_MSTI(1.3),LVA,A,G,USD_PPP_PS,_Z,_Z,2001,36.19595914,,,,,,0,,0
OECD.STI.STP:DSD_MSTI@DF_MSTI(1.3),LVA,A,G,USD_PPP_PS,_Z,_Z,2002,40.37945681,,,,,,0,,0
OECD.STI.STP:DSD_MSTI@DF_MSTI(1.3),LVA,A,G,USD_PPP_PS,_Z,_Z,2003,38.33996534,,,,,,0,,0
OECD.STI.STP:DSD_MSTI@DF_MSTI(1.3),LVA,A,G,USD_PPP_PS,_Z,_Z,2004,47.08218788,,,,,,0,,0
OECD.STI.STP:DSD_MSTI@DF_MSTI(1.3),LVA,A,G,USD_PPP_PS,_Z,_Z,2005,70.49073584,,,,,,0,,0
OECD.STI.STP:DSD_MSTI@DF_MSTI(1.3),LVA,A,G,USD_PPP_PS,_Z,_Z,2006,96.81443505,,,,,,0,,0
OECD.STI.STP:DSD_MSTI@DF_MSTI(1.3),LVA,A,G,USD_PPP_PS,_Z,_Z,2007,94.46513869,,,,,,0,,0
OECD.STI.STP:DSD_MSTI@DF_MSTI(1.3),LVA,A,G,USD_PPP_PS,_Z,_Z,2008,105.7345716,,,,,,0,,0
OECD.STI.STP:DSD_MSTI@DF_MSTI(1.3),LVA,A,G,USD_PPP_PS,_Z,_Z,2009,71.67375479,,,,,,0,,0
OECD.STI.STP:DSD_MSTI@DF_MSTI(1.3),LVA,A,G,USD_PPP_PS,_Z,_Z,2010,101.2500879,,,,,,0,,0
OECD.STI.STP:DSD_MSTI@DF_MSTI(1.3),LVA,A,G,USD_PPP_PS,_Z,_Z,2011,130.8602387,,,,,,0,,0
OECD.STI.STP:DSD_MSTI@DF_MSTI(1.3),LVA,A,G,USD_PPP_PS,_Z,_Z,2012,133.7914294,,,,,,0,,0
OECD.STI.STP:DSD_MSTI@DF_MSTI(1.3),LVA,A,G,USD_PPP_PS,_Z,_Z,2013,130.0690302,,,,,,0,,0
OECD.STI.STP:DSD_MSTI@DF_MSTI(1.3),LVA,A,G,USD_PPP_PS,_Z,_Z,2014,153.9286483,,,,,,0,,0
OECD.STI.STP:DSD_MSTI@DF_MSTI(1.3),LVA,A,G,USD_PPP_PS,_Z,_Z,2015,144.5215537,,,,,,0,,0
OECD.STI.STP:DSD_MSTI@DF_MSTI(1.3),LVA,A,G,USD_PPP_PS,_Z,_Z,2016,108.4519564,,,,,,0,,0
OECD.STI.STP:DSD_MSTI@DF_MSTI(1.3),LVA,A,G,USD_PPP_PS,_Z,_Z,2017,136.634631,,,,,,0,,0
OECD.STI.STP:DSD_MSTI@DF_MSTI(1.3),LVA,A,G,USD_PPP_PS,_Z,_Z,2018,197.3024778,,,,,,0,,0
OECD.STI.STP:DSD_MSTI@DF_MSTI(1.3),LVA,A,G,USD_PPP_PS,_Z,_Z,2019,212.6475714,,,,,,0,,0
OECD.STI.STP:DSD_MSTI@DF_MSTI(1.3),LVA,A,G,USD_PPP_PS,_Z,_Z,2020,247.6778354,,,,,,0,,0
OECD.STI.STP:DSD_MSTI@DF_MSTI(1.3),LVA,A,G,USD_PPP_PS,_Z,_Z,2021,284.4953222,,,,,,0,,0
OECD.STI.STP:DSD_MSTI@DF_MSTI(1.3),LVA,A,G,USD_PPP_PS,_Z,_Z,2022,328.2227128,,,,,,0,,0
OECD.STI.STP:DSD_MSTI@DF_MSTI(1.3),LVA,A,G,USD_PPP_PS,_Z,_Z,2023,351.0638059,,,,,,0,,0
OECD.STI.STP:DSD_MSTI@DF_MSTI(1.3),LVA,A,G,USD_PPP_PS,_Z,_Z,2024,402.4324454,,,,,,0,,0
OECD.STI.STP:DSD_MSTI@DF_MSTI(1.3),LTU,A,G,USD_PPP_PS,_Z,_Z,2000,49.51009059,,,,,,0,,0
OECD.STI.STP:DSD_MSTI@DF_MSTI(1.3),LTU,A,G,USD_PPP_PS,_Z,_Z,2001,62.63182257,,,,,,0,,0
OECD.STI.STP:DSD_MSTI@DF_MSTI(1.3),LTU,A,G,USD_PPP_PS,_Z,_Z,2002,67.59151995,,,,,,0,,0
OECD.STI.STP:DSD_MSTI@DF_MSTI(1.3),LTU,A,G,USD_PPP_PS,_Z,_Z,2003,77.32312663,,,,,,0,,0
OECD.STI.STP:DSD_MSTI@DF_MSTI(1.3),LTU,A,G,USD_PPP_PS,_Z,_Z,2004,94.23279819,,,,,,0,,0
OECD.STI.STP:DSD_MSTI@DF_MSTI(1.3),LTU,A,G,USD_PPP_PS,_Z,_Z,2005,104.3552565,,,,,,0,,0
OECD.STI.STP:DSD_MSTI@DF_MSTI(1.3),LTU,A,G,USD_PPP_PS,_Z,_Z,2006,123.2186904,,,,,,0,,0
OECD.STI.STP:DSD_MSTI@DF_MSTI(1.3),LTU,A,G,USD_PPP_PS,_Z,_Z,2007,143.9479806,,,,,,0,,0
OECD.STI.STP:DSD_MSTI@DF_MSTI(1.3),LTU,A,G,USD_PPP_PS,_Z,_Z,2008,153.0981646,,,,,,0,,0
OECD.STI.STP:DSD_MSTI@DF_MSTI(1.3),LTU,A,G,USD_PPP_PS,_Z,_Z,2009,141.295111,,,,,,0,,0
OECD.STI.STP:DSD_MSTI@DF_MSTI(1.3),LTU,A,G,USD_PPP_PS,_Z,_Z,2010,148.5891178,,,,,,0,,0
OECD.STI.STP:DSD_MSTI@DF_MSTI(1.3),LTU,A,G,USD_PPP_PS,_Z,_Z,2011,196.1700896,,,,,,0,,0
OECD.STI.STP:DSD_MSTI@DF_MSTI(1.3),LTU,A,G,USD_PPP_PS,_Z,_Z,2012,208.9193757,,,,,,0,,0
OECD.STI.STP:DSD_MSTI@DF_MSTI(1.3),LTU,A,G,USD_PPP_PS,_Z,_Z,2013,237.2550488,,,,,,0,,0
OECD.STI.STP:DSD_MSTI@DF_MSTI(1.3),LTU,A,G,USD_PPP_PS,_Z,_Z,2014,271.9310047,,,,,,0,,0
OECD.STI.STP:DSD_MSTI@DF_MSTI(1.3),LTU,A,G,USD_PPP_PS,_Z,_Z,2015,280.4713943,,,,,,0,,0
OECD.STI.STP:DSD_MSTI@DF_MSTI(1.3),LTU,A,G,USD_PPP_PS,_Z,_Z,2016,242.1939559,,,,,,0,,0
OECD.STI.STP:DSD_MSTI@DF_MSTI(1.3),LTU,A,G,USD_PPP_PS,_Z,_Z,2017,280.5864169,,,,,,0,,0
OECD.STI.STP:DSD_MSTI@DF_MSTI(1.3),LTU,A,G,USD_PPP_PS,_Z,_Z,2018,338.5770257,,,,,,0,,0
OECD.STI.STP:DSD_MSTI@DF_MSTI(1.3),LTU,A,G,USD_PPP_PS,_Z,_Z,2019,400.3710136,,,,,,0,,0
OECD.STI.STP:DSD_MSTI@DF_MSTI(1.3),LTU,A,G,USD_PPP_PS,_Z,_Z,2020,463.7054842,,,,,,0,,0
OECD.STI.STP:DSD_MSTI@DF_MSTI(1.3),LTU,A,G,USD_PPP_PS,_Z,_Z,2021,504.8088915,,,,,,0,,0
OECD.STI.STP:DSD_MSTI@DF_MSTI(1.3),LTU,A,G,USD_PPP_PS,_Z,_Z,2022,536.3006775,,,,,,0,,0
OECD.STI.STP:DSD_MSTI@DF_MSTI(1.3),LTU,A,G,USD_PPP_PS,_Z,_Z,2023,549.5361747,,,,,,0,,0
OECD.STI.STP:DSD_MSTI@DF_MSTI(1.3),LUX,A,G,USD_PPP_PS,_Z,_Z,2000,871.5305613,,,,,,0,,0
OECD.STI.STP:DSD_MSTI@DF_MSTI(1.3),LUX,A,G,USD_PPP_PS,_Z,_Z,2003,975.8545828,,,,,,0,,0
OECD.STI.STP:DSD_MSTI@DF_MSTI(1.3),LUX,A,G,USD_PPP_PS,_Z,_Z,2004,1026.395705,,,,,,0,,0
OECD.STI.STP:DSD_MSTI@DF_MSTI(1.3),LUX,A,G,USD_PPP_PS,_Z,_Z,2005,1070.971499,,,,,,0,,0
OECD.STI.STP:DSD_MSTI@DF_MSTI(1.3),LUX,A,G,USD_PPP_PS,_Z,_Z,2006,1299.521489,,,,,,0,,0
OECD.STI.STP:DSD_MSTI@DF_MSTI(1.3),LUX,A,G,USD_PPP_PS,_Z,_Z,2008,1405.326902,,,,,,0,,0
OECD.STI.STP:DSD_MSTI@DF_MSTI(1.3),LUX,A,G,USD_PPP_PS,_Z,_Z,2009,1379.404358,,,,,,0,,0
OECD.STI.STP:DSD_MSTI@DF_MSTI(1.3),LUX,A,G,USD_PPP_PS,_Z,_Z,2010,1284.658705,,,,,,0,,0
OECD.STI.STP:DSD_MSTI@DF_MSTI(1.3),LUX,A,G,USD_PPP_PS,_Z,_Z,2011,1343.029263,,,,,,0,,0
OECD.STI.STP:DSD_MSTI@DF_MSTI(1.3),LUX,A,G,USD_PPP_PS,_Z,_Z,2013,1240.733092,,,,,,0,,0
OECD.STI.STP:DSD_MSTI@DF_MSTI(1.3),LUX,A,G,USD_PPP_PS,_Z,_Z,2014,1276.850611,,,,,,0,,0
OECD.STI.STP:DSD_MSTI@DF_MSTI(1.3),LUX,A,G,USD_PPP_PS,_Z,_Z,2015,1351.16249,,,,,,0,,0
OECD.STI.STP:DSD_MSTI@DF_MSTI(1.3),LUX,A,G,USD_PPP_PS,_Z,_Z,2016,1431.032825,,,,,,0,,0
OECD.STI.STP:DSD_MSTI@DF_MSTI(1.3),LUX,A,G,USD_PPP_PS,_Z,_Z,2017,1423.124549,,,,,,0,,0
OECD.STI.STP:DSD_MSTI@DF_MSTI(1.3),LUX,A,G,USD_PPP_PS,_Z,_Z,2018,1363.212931,,,,,,0,,0
OECD.STI.STP:DSD_MSTI@DF_MSTI(1.3),LUX,A,G,USD_PPP_PS,_Z,_Z,2019,1431.197517,,,,,,0,,0
OECD.STI.STP:DSD_MSTI@DF_MSTI(1.3),LUX,A,G,USD_PPP_PS,_Z,_Z,2021,1408.483682,,,,,,0,,0
OECD.STI.STP:DSD_MSTI@DF_MSTI(1.3),LUX,A,G,USD_PPP_PS,_Z,_Z,2022,1559.940575,,,,,,0,,0
OECD.STI.STP:DSD_MSTI@DF_MSTI(1.3),LUX,A,G,USD_PPP_PS,_Z,_Z,2023,1607.922396,,,,,,0,,0
OECD.STI.STP:DSD_MSTI@DF_MSTI(1.3),MEX,A,G,USD_PPP_PS,_Z,_Z,2005,50.96512384,,,,,,0,,0
OECD.STI.STP:DSD_MSTI@DF_MSTI(1.3),MEX,A,G,USD_PPP_PS,_Z,_Z,2006,51.76014107,,,,,,0,,0
OECD.STI.STP:DSD_MSTI@DF_MSTI(1.3),MEX,A,G,USD_PPP_PS,_Z,_Z,2007,57.68133206,,,,,,0,,0
OECD.STI.STP:DSD_MSTI@DF_MSTI(1.3),MEX,A,G,USD_PPP_PS,_Z,_Z,2008,67.14877308,,,,,,0,,0
OECD.STI.STP:DSD_MSTI@DF_MSTI(1.3),MEX,A,G,USD_PPP_PS,_Z,_Z,2009,70.21533879,,,,,,0,,0
OECD.STI.STP:DSD_MSTI@DF_MSTI(1.3),MEX,A,G,USD_PPP_PS,_Z,_Z,2010,76.17987686,,,,,,0,,0
OECD.STI.STP:DSD_MSTI@DF_MSTI(1.3),MEX,A,G,USD_PPP_PS,_Z,_Z,2011,79.23028546,,,,,,0,,0
OECD.STI.STP:DSD_MSTI@DF_MSTI(1.3),MEX,A,G,USD_PPP_PS,_Z,_Z,2012,73.66945083,,,,,,0,,0
OECD.STI.STP:DSD_MSTI@DF_MSTI(1.3),MEX,A,G,USD_PPP_PS,_Z,_Z,2013,75.41382022,,,,,,0,,0
OECD.STI.STP:DSD_MSTI@DF_MSTI(1.3),MEX,A,G,USD_PPP_PS,_Z,_Z,2014,80.37381138,,,,,,0,,0
OECD.STI.STP:DSD_MSTI@DF_MSTI(1.3),MEX,A,G,USD_PPP_PS,_Z,_Z,2015,80.44517192,,,,,,0,,0
OECD.STI.STP:DSD_MSTI@DF_MSTI(1.3),MEX,A,G,USD_PPP_PS,_Z,_Z,2016,76.74575408,,,,,,0,,0
OECD.STI.STP:DSD_MSTI@DF_MSTI(1.3),NLD,A,G,USD_PPP_PS,_Z,_Z,2000,570.599417,,,,,,0,,0
OECD.STI.STP:DSD_MSTI@DF_MSTI(1.3),NLD,A,G,USD_PPP_PS,_Z,_Z,2001,596.0640852,,,,,,0,,0
OECD.STI.STP:DSD_MSTI@DF_MSTI(1.3),NLD,A,G,USD_PPP_PS,_Z,_Z,2002,601.2495103,,,,,,0,,0
OECD.STI.STP:DSD_MSTI@DF_MSTI(1.3),NLD,A,G,USD_PPP_PS,_Z,_Z,2003,609.1613953,,,,,,0,,0
OECD.STI.STP:DSD_MSTI@DF_MSTI(1.3),NLD,A,G,USD_PPP_PS,_Z,_Z,2004,640.5656306,,,,,,0,,0
OECD.STI.STP:DSD_MSTI@DF_MSTI(1.3),NLD,A,G,USD_PPP_PS,_Z,_Z,2005,667.4265984,,,,,,0,,0
OECD.STI.STP:DSD_MSTI@DF_MSTI(1.3),NLD,A,G,USD_PPP_PS,_Z,_Z,2006,713.7611259,,,,,,0,,0
OECD.STI.STP:DSD_MSTI@DF_MSTI(1.3),NLD,A,G,USD_PPP_PS,_Z,_Z,2007,734.0424159,,,,,,0,,0
OECD.STI.STP:DSD_MSTI@DF_MSTI(1.3),NLD,A,G,USD_PPP_PS,_Z,_Z,2008,753.2359268,,,,,,0,,0
OECD.STI.STP:DSD_MSTI@DF_MSTI(1.3),NLD,A,G,USD_PPP_PS,_Z,_Z,2009,742.5677283,,,,,,0,,0
OECD.STI.STP:DSD_MSTI@DF_MSTI(1.3),NLD,A,G,USD_PPP_PS,_Z,_Z,2010,767.365915,,,,,,0,,0
OECD.STI.STP:DSD_MSTI@DF_MSTI(1.3),NLD,A,G,USD_PPP_PS,_Z,_Z,2014,1069.984807,,,,,,0,,0
OECD.STI.STP:DSD_MSTI@DF_MSTI(1.3),NLD,A,G,USD_PPP_PS,_Z,_Z,2015,1079.219268,,,,,,0,,0
OECD.STI.STP:DSD_MSTI@DF_MSTI(1.3),NLD,A,G,USD_PPP_PS,_Z,_Z,2016,1124.646989,,,,,,0,,0
OECD.STI.STP:DSD_MSTI@DF_MSTI(1.3),NLD,A,G,USD_PPP_PS,_Z,_Z,2017,1200.163056,,,,,,0,,0
OECD.STI.STP:DSD_MSTI@DF_MSTI(1.3),NLD,A,G,USD_PPP_PS,_Z,_Z,2018,1236.767112,,,,,,0,,0
OECD.STI.STP:DSD_MSTI@DF_MSTI(1.3),NLD,A,G,USD_PPP_PS,_Z,_Z,2019,1334.403132,,,,,,0,,0
OECD.STI.STP:DSD_MSTI@DF_MSTI(1.3),NLD,A,G,USD_PPP_PS,_Z,_Z,2020,1417.858246,,,,,,0,,0
OECD.STI.STP:DSD_MSTI@DF_MSTI(1.3),NLD,A,G,USD_PPP_PS,_Z,_Z,2021,1519.196984,,,,,,0,,0
OECD.STI.STP:DSD_MSTI@DF_MSTI(1.3),NZL,A,G,USD_PPP_PS,_Z,_Z,2003,274.4914808,,,,,,0,,0
OECD.STI.STP:DSD_MSTI@DF_MSTI(1.3),NZL,A,G,USD_PPP_PS,_Z,_Z,2005,286.7202456,,,,,,0,,0
OECD.STI.STP:DSD_MSTI@DF_MSTI(1.3),NZL,A,G,USD_PPP_PS,_Z,_Z,2007,338.6277402,,,,,,0,,0
OECD.STI.STP:DSD_MSTI@DF_MSTI(1.3),NZL,A,G,USD_PPP_PS,_Z,_Z,2009,382.7076705,,,,,,0,,0
OECD.STI.STP:DSD_MSTI@DF_MSTI(1.3),NZL,A,G,USD_PPP_PS,_Z,_Z,2011,402.182942,,,,,,0,,0
OECD.STI.STP:DSD_MSTI@DF_MSTI(1.3),NZL,A,G,USD_PPP_PS,_Z,_Z,2013,416.1992879,,,,,,0,,0
OECD.STI.STP:DSD_MSTI@DF_MSTI(1.3),NZL,A,G,USD_PPP_PS,_Z,_Z,2015,457.4545264,,,,,,0,,0
OECD.STI.STP:DSD_MSTI@DF_MSTI(1.3),NZL,A,G,USD_PPP_PS,_Z,_Z,2017,566.5541185,,,,,,0,,0
OECD.STI.STP:DSD_MSTI@DF_MSTI(1.3),NZL,A,G,USD_PPP_PS,_Z,_Z,2019,658.8171064,,,,,,0,,0
OECD.STI.STP:DSD_MSTI@DF_MSTI(1.3),NZL,A,G,USD_PPP_PS,_Z,_Z,2021,716.9974363,,,,,,0,,0
OECD.STI.STP:DSD_MSTI@DF_MSTI(1.3),NZL,A,G,USD_PPP_PS,_Z,_Z,2023,841.9600737,,,,,,0,,0
OECD.STI.STP:DSD_MSTI@DF_MSTI(1.3),NOR,A,G,USD_PPP_PS,_Z,_Z,2001,590.1806976,,,,,,0,,0
OECD.STI.STP:DSD_MSTI@DF_MSTI(1.3),NOR,A,G,USD_PPP_PS,_Z,_Z,2002,618.9865521,,,,,,0,,0
OECD.STI.STP:DSD_MSTI@DF_MSTI(1.3),NOR,A,G,USD_PPP_PS,_Z,_Z,2003,648.1446296,,,,,,0,,0
OECD.STI.STP:DSD_MSTI@DF_MSTI(1.3),NOR,A,G,USD_PPP_PS,_Z,_Z,2004,656.9574173,,,,,,0,,0
OECD.STI.STP:DSD_MSTI@DF_MSTI(1.3),NOR,A,G,USD_PPP_PS,_Z,_Z,2005,708.588794,,,,,,0,,0
OECD.STI.STP:DSD_MSTI@DF_MSTI(1.3),NOR,A,G,USD_PPP_PS,_Z,_Z,2006,787.9779885,,,,,,0,,0
OECD.STI.STP:DSD_MSTI@DF_MSTI(1.3),NOR,A,G,USD_PPP_PS,_Z,_Z,2007,875.2700281,,,,,,0,,0
OECD.STI.STP:DSD_MSTI@DF_MSTI(1.3),NOR,A,G,USD_PPP_PS,_Z,_Z,2008,959.4150277,,,,,,0,,0
OECD.STI.STP:DSD_MSTI@DF_MSTI(1.3),NOR,A,G,USD_PPP_PS,_Z,_Z,2009,955.293146,,,,,,0,,0
OECD.STI.STP:DSD_MSTI@DF_MSTI(1.3),NOR,A,G,USD_PPP_PS,_Z,_Z,2010,955.4449744,,,,,,0,,0
OECD.STI.STP:DSD_MSTI@DF_MSTI(1.3),NOR,A,G,USD_PPP_PS,_Z,_Z,2011,1010.083187,,,,,,0,,0
OECD.STI.STP:DSD_MSTI@DF_MSTI(1.3),NOR,A,G,USD_PPP_PS,_Z,_Z,2012,1059.227034,,,,,,0,,0
OECD.STI.STP:DSD_MSTI@DF_MSTI(1.3),NOR,A,G,USD_PPP_PS,_Z,_Z,2013,1106.370291,,,,,,0,,0
OECD.STI.STP:DSD_MSTI@DF_MSTI(1.3),NOR,A,G,USD_PPP_PS,_Z,_Z,2014,1130.151399,,,,,,0,,0
OECD.STI.STP:DSD_MSTI@DF_MSTI(1.3),NOR,A,G,USD_PPP_PS,_Z,_Z,2015,1167.982186,,,,,,0,,0
OECD.STI.STP:DSD_MSTI@DF_MSTI(1.3),NOR,A,G,USD_PPP_PS,_Z,_Z,2016,1204.745823,,,,,,0,,0
OECD.STI.STP:DSD_MSTI@DF_MSTI(1.3),NOR,A,G,USD_PPP_PS,_Z,_Z,2017,1344.536377,,,,,,0,,0
OECD.STI.STP:DSD_MSTI@DF_MSTI(1.3),NOR,A,G,USD_PPP_PS,_Z,_Z,2018,1429.51896,,,,,,0,,0
OECD.STI.STP:DSD_MSTI@DF_MSTI(1.3),NOR,A,G,USD_PPP_PS,_Z,_Z,2019,1515.23705,,,,,,0,,0
OECD.STI.STP:DSD_MSTI@DF_MSTI(1.3),NOR,A,G,USD_PPP_PS,_Z,_Z,2020,1506.338464,,,,,,0,,0
OECD.STI.STP:DSD_MSTI@DF_MSTI(1.3),NOR,A,G,USD_PPP_PS,_Z,_Z,2021,1679.798071,,,,,,0,,0
OECD.STI.STP:DSD_MSTI@DF_MSTI(1.3),NOR,A,G,USD_PPP_PS,_Z,_Z,2022,1946.146944,,,,,,0,,0
OECD.STI.STP:DSD_MSTI@DF_MSTI(1.3),NOR,A,G,USD_PPP_PS,_Z,_Z,2023,1918.631441,,,,,,0,,0
OECD.STI.STP:DSD_MSTI@DF_MSTI(1.3),POL,A,G,USD_PPP_PS,_Z,_Z,2000,68.41252538,,,,,,0,,0
OECD.STI.STP:DSD_MSTI@DF_MSTI(1.3),POL,A,G,USD_PPP_PS,_Z,_Z,2001,69.1268672,,,,,,0,,0
OECD.STI.STP:DSD_MSTI@DF_MSTI(1.3),POL,A,G,USD_PPP_PS,_Z,_Z,2002,65.71690297,,,,,,0,,0
OECD.STI.STP:DSD_MSTI@DF_MSTI(1.3),POL,A,G,USD_PPP_PS,_Z,_Z,2003,66.13099518,,,,,,0,,0
OECD.STI.STP:DSD_MSTI@DF_MSTI(1.3),POL,A,G,USD_PPP_PS,_Z,_Z,2004,73.77470469,,,,,,0,,0
OECD.STI.STP:DSD_MSTI@DF_MSTI(1.3),POL,A,G,USD_PPP_PS,_Z,_Z,2005,78.21678078,,,,,,0,,0
OECD.STI.STP:DSD_MSTI@DF_MSTI(1.3),POL,A,G,USD_PPP_PS,_Z,_Z,2006,83.49405548,,,,,,0,,0
OECD.STI.STP:DSD_MSTI@DF_MSTI(1.3),POL,A,G,USD_PPP_PS,_Z,_Z,2007,94.45005796,,,,,,0,,0
OECD.STI.STP:DSD_MSTI@DF_MSTI(1.3),POL,A,G,USD_PPP_PS,_Z,_Z,2008,109.7455892,,,,,,0,,0
OECD.STI.STP:DSD_MSTI@DF_MSTI(1.3),POL,A,G,USD_PPP_PS,_Z,_Z,2009,127.2439649,,,,,,0,,0
OECD.STI.STP:DSD_MSTI@DF_MSTI(1.3),POL,A,G,USD_PPP_PS,_Z,_Z,2011,170.4941994,,,,,,0,,0
OECD.STI.STP:DSD_MSTI@DF_MSTI(1.3),POL,A,G,USD_PPP_PS,_Z,_Z,2012,209.9587046,,,,,,0,,0
OECD.STI.STP:DSD_MSTI@DF_MSTI(1.3),POL,A,G,USD_PPP_PS,_Z,_Z,2013,215.2374525,,,,,,0,,0
OECD.STI.STP:DSD_MSTI@DF_MSTI(1.3),POL,A,G,USD_PPP_PS,_Z,_Z,2014,240.7333645,,,,,,0,,0
OECD.STI.STP:DSD_MSTI@DF_MSTI(1.3),POL,A,G,USD_PPP_PS,_Z,_Z,2015,269.3941236,,,,,,0,,0
OECD.STI.STP:DSD_MSTI@DF_MSTI(1.3),POL,A,G,USD_PPP_PS,_Z,_Z,2016,272.8012818,,,,,,0,,0
OECD.STI.STP:DSD_MSTI@DF_MSTI(1.3),POL,A,G,USD_PPP_PS,_Z,_Z,2017,311.02382,,,,,,0,,0
OECD.STI.STP:DSD_MSTI@DF_MSTI(1.3),POL,A,G,USD_PPP_PS,_Z,_Z,2018,386.4731421,,,,,,0,,0
OECD.STI.STP:DSD_MSTI@DF_MSTI(1.3),POL,A,G,USD_PPP_PS,_Z,_Z,2019,469.8448598,,,,,,0,,0
OECD.STI.STP:DSD_MSTI@DF_MSTI(1.3),POL,A,G,USD_PPP_PS,_Z,_Z,2021,581.3691937,,,,,,0,,0
OECD.STI.STP:DSD_MSTI@DF_MSTI(1.3),POL,A,G,USD_PPP_PS,_Z,_Z,2023,734.982646,,,,,,0,,0
OECD.STI.STP:DSD_MSTI@DF_MSTI(1.3),PRT,A,G,USD_PPP_PS,_Z,_Z,2001,149.3582138,,,,,,0,,0
OECD.STI.STP:DSD_MSTI@DF_MSTI(1.3),PRT,A,G,USD_PPP_PS,_Z,_Z,2003,145.5340183,,,,,,0,,0
OECD.STI.STP:DSD_MSTI@DF_MSTI(1.3),PRT,A,G,USD_PPP_PS,_Z,_Z,2005,172.1547795,,,,,,0,,0
OECD.STI.STP:DSD_MSTI@DF_MSTI(1.3),PRT,A,G,USD_PPP_PS,_Z,_Z,2007,289.3391605,,,,,,0,,0
OECD.STI.STP:DSD_MSTI@DF_MSTI(1.3),PRT,A,G,USD_PPP_PS,_Z,_Z,2009,418.2591493,,,,,,0,,0
OECD.STI.STP:DSD_MSTI@DF_MSTI(1.3),PRT,A,G,USD_PPP_PS,_Z,_Z,2010,418.4322515,,,,,,0,,0
OECD.STI.STP:DSD_MSTI@DF_MSTI(1.3),PRT,A,G,USD_PPP_PS,_Z,_Z,2011,389.5164899,,,,,,0,,0
OECD.STI.STP:DSD_MSTI@DF_MSTI(1.3),PRT,A,G,USD_PPP_PS,_Z,_Z,2012,363.9025939,,,,,,0,,0
OECD.STI.STP:DSD_MSTI@DF_MSTI(1.3),PRT,A,G,USD_PPP_PS,_Z,_Z,2013,369.4719925,,,,,,0,,0
OECD.STI.STP:DSD_MSTI@DF_MSTI(1.3),PRT,A,G,USD_PPP_PS,_Z,_Z,2014,370.0934512,,,,,,0,,0
OECD.STI.STP:DSD_MSTI@DF_MSTI(1.3),PRT,A,G,USD_PPP_PS,_Z,_Z,2015,367.9294893,,,,,,0,,0
OECD.STI.STP:DSD_MSTI@DF_MSTI(1.3),PRT,A,G,USD_PPP_PS,_Z,_Z,2016,403.6019052,,,,,,0,,0
OECD.STI.STP:DSD_MSTI@DF_MSTI(1.3),PRT,A,G,USD_PPP_PS,_Z,_Z,2017,434.274298,,,,,,0,,0
OECD.STI.STP:DSD_MSTI@DF_MSTI(1.3),PRT,A,G,USD_PPP_PS,_Z,_Z,2018,469.0622892,,,,,,0,,0
OECD.STI.STP:DSD_MSTI@DF_MSTI(1.3),PRT,A,G,USD_PPP_PS,_Z,_Z,2019,524.6986871,,,,,,0,,0
OECD.STI.STP:DSD_MSTI@DF_MSTI(1.3),PRT,A,G,USD_PPP_PS,_Z,_Z,2020,574.0970956,,,,,,0,,0
OECD.STI.STP:DSD_MSTI@DF_MSTI(1.3),PRT,A,G,USD_PPP_PS,_Z,_Z,2021,641.6255137,,,,,,0,,0
OECD.STI.STP:DSD_MSTI@DF_MSTI(1.3),PRT,A,G,USD_PPP_PS,_Z,_Z,2022,762.4332554,,,,,,0,,0
OECD.STI.STP:DSD_MSTI@DF_MSTI(1.3),PRT,A,G,USD_PPP_PS,_Z,_Z,2023,836.4842944,,,,,,0,,0
OECD.STI.STP:DSD_MSTI@DF_MSTI(1.3),SVK,A,G,USD_PPP_PS,_Z,_Z,2000,72.45347154,,,,,,0,,0
OECD.STI.STP:DSD_MSTI@DF_MSTI(1.3),SVK,A,G,USD_PPP_PS,_Z,_Z,2002,74.94189272,,,,,,0,,0
OECD.STI.STP:DSD_MSTI@DF_MSTI(1.3),SVK,A,G,USD_PPP_PS,_Z,_Z,2003,79.5265784,,,,,,0,,0
OECD.STI.STP:DSD_MSTI@DF_MSTI(1.3),SVK,A,G,USD_PPP_PS,_Z,_Z,2004,76.08617792,,,,,,0,,0
OECD.STI.STP:DSD_MSTI@DF_MSTI(1.3),SVK,A,G,USD_PPP_PS,_Z,_Z,2005,81.86711856,,,,,,0,,0
OECD.STI.STP:DSD_MSTI@DF_MSTI(1.3),SVK,A,G,USD_PPP_PS,_Z,_Z,2006,89.5016762,,,,,,0,,0
OECD.STI.STP:DSD_MSTI@DF_MSTI(1.3),SVK,A,G,USD_PPP_PS,_Z,_Z,2007,94.59313624,,,,,,0,,0
